#,Tipe,Biaya,Modal,DP Server,Sisa Server,Profit,Metode Pembayaran,Supplier,Status,Tanggal Transaksi,Tanggal Selesai
1,Tipe A,270000,230000,230000,0,40000,Transfer,Supplier B,Selesai,1 Juli 2025,2 Juli 2025
2,Tipe A,270000,230000,230000,0,40000,Transfer,Supplier B,Selesai,1 Juli 2025,2 Juli 2025
3,Tipe A,270000,230000,230000,0,40000,Transfer,Supplier B,Selesai,1 Juli 2025,2 Juli 2025
4,Tipe A,270000,230000,230000,0,40000,Transfer,Supplier B,Selesai,1 Juli 2025,2 Juli 2025
5,Tipe A,270000,230000,230000,0,40000,Transfer,Supplier B,Selesai,1 Juli 2025,2 Juli 2025
6,Tipe A,270000,230000,230000,0,40000,Transfer,Supplier B,Selesai,1 Juli 2025,2 Juli 2025
7,Tipe A,270000,230000,230000,0,40000,Transfer,Supplier B,Selesai,1 Juli 2025,2 Juli 2025
8,Tipe A,270000,230000,230000,0,40000,Transfer,Supplier B,Selesai,1 Juli 2025,2 Juli 2025
9,Tipe A,270000,240000,240000,0,30000,Transfer,Supplier A,Selesai,2 Juli 2025,2 Juli 2025
10,Tipe A,270000,240000,240000,0,30000,Transfer,Supplier A,Selesai,2 Juli 2025,2 Juli 2025
11,Tipe A,270000,240000,240000,0,30000,Transfer,Supplier A,Selesai,2 Juli 2025,2 Juli 2025
12,Tipe A,270000,240000,240000,0,30000,Transfer,Supplier A,Selesai,2 Juli 2025,2 Juli 2025
13,Tipe A,270000,240000,240000,0,30000,Transfer,Supplier A,Selesai,2 Juli 2025,3 Juli 2025
14,Tipe A,270000,240000,240000,0,30000,Transfer,Supplier A,Selesai,2 Juli 2025,2 Juli 2025
15,Tipe A,270000,230000,230000,0,40000,Transfer,Supplier B,Selesai,2 Juli 2025,3 Juli 2025
16,Tipe A,270000,230000,230000,0,40000,Transfer,Supplier B,Selesai,2 Juli 2025,4 Juli 2025
17,Tipe A,270000,230000,230000,0,40000,Transfer,Supplier B,Selesai,2 Juli 2025,3 Juli 2025
18,Tipe A,260000,240000,240000,0,20000,Transfer,Supplier A,Selesai,3 Juli 2025,4 Juli 2025
19,Tipe A,260000,240000,240000,0,20000,Transfer,Supplier A,Selesai,3 Juli 2025,4 Juli 2025
20,Tipe A,270000,240000,240000,0,30000,Transfer,Supplier A,Selesai,3 Juli 2025,4 Juli 2025
21,Tipe A,270000,240000,240000,0,30000,Transfer,Supplier A,Selesai,3 Juli 2025,4 Juli 2025
22,Tipe A,270000,240000,240000,0,30000,Transfer,Supplier A,Selesai,3 Juli 2025,4 Juli 2025
23,Tipe A,270000,240000,240000,0,30000,Transfer,Supplier A,Selesai,3 Juli 2025,4 Juli 2025
24,Tipe A,270000,240000,240000,0,30000,Transfer,Supplier A,Selesai,3 Juli 2025,4 Juli 2025
25,Tipe A,270000,225000,225000,0,45000,Transfer,Supplier B,Selesai,3 Juli 2025,4 Juli 2025
26,Tipe A,270000,225000,225000,0,45000,Transfer,Supplier B,Selesai,3 Juli 2025,4 Juli 2025
27,Tipe A,270000,225000,225000,0,45000,Transfer,Supplier B,Selesai,3 Juli 2025,4 Juli 2025
28,Tipe A,350000,260000,260000,0,90000,Transfer,Supplier D,Selesai,3 Juli 2025,4 Juli 2025
29,Tipe A,270000,240000,240000,0,30000,Transfer,Supplier A,Selesai,4 Juli 2025,5 Juli 2025
30,Tipe A,270000,240000,240000,0,30000,Transfer,Supplier A,Selesai,4 Juli 2025,5 Juli 2025
31,Tipe A,270000,240000,240000,0,30000,Transfer,Supplier A,Selesai,4 Juli 2025,5 Juli 2025
32,Tipe A,270000,240000,240000,0,30000,Transfer,Supplier A,Selesai,4 Juli 2025,5 Juli 2025
33,Tipe A,260000,230000,230000,0,30000,Transfer,Supplier B,Selesai,5 Juli 2025,6 Juli 2025
34,Tipe A,270000,230000,230000,0,40000,Transfer,Supplier B,Selesai,5 Juli 2025,6 Juli 2025
35,Tipe A,270000,230000,230000,0,40000,Transfer,Supplier B,Selesai,6 Juli 2025,7 Juli 2025
36,Tipe A,270000,240000,240000,0,30000,Transfer,Supplier A,Selesai,5 Juli 2025,10 Juli 2025
37,Tipe A,270000,240000,240000,0,30000,Transfer,Supplier A,Selesai,5 Juli 2025,10 Juli 2025
38,Tipe A,270000,240000,240000,0,30000,Transfer,Supplier A,Selesai,5 Juli 2025,10 Juli 2025
39,Tipe A,260000,240000,240000,0,20000,Transfer,Supplier A,Selesai,5 Juli 2025,10 Juli 2025
40,Tipe A,270000,240000,240000,0,30000,Transfer,Supplier A,Selesai,5 Juli 2025,10 Juli 2025
41,Tipe A,260000,240000,240000,0,20000,Transfer,Supplier A,Selesai,5 Juli 2025,10 Juli 2025
42,Tipe A,270000,240000,240000,0,30000,Transfer,Supplier A,Selesai,5 Juli 2025,10 Juli 2025
43,Tipe A,270000,240000,240000,0,30000,Transfer,Supplier A,Selesai,8 Juli 2025,10 Juli 2025
44,Tipe A,270000,240000,240000,0,30000,Transfer,Supplier A,Selesai,8 Juli 2025,10 Juli 2025
45,Tipe A,270000,240000,240000,0,30000,Transfer,Supplier A,Selesai,8 Juli 2025,10 Juli 2025
46,Tipe A,270000,240000,240000,0,30000,Transfer,Supplier A,Selesai,8 Juli 2025,15 Juli 2025
47,Tipe A,270000,230000,230000,0,40000,Transfer,Supplier B,Selesai,9 Juli 2025,10 Juli 2025
48,Tipe A,270000,230000,230000,0,40000,Transfer,Supplier B,Selesai,9 Juli 2025,10 Juli 2025
49,Tipe A,300000,240000,240000,0,60000,Transfer,Supplier A,Selesai,10 Juli 2025,12 Juli 2025
50,Tipe A,270000,240000,240000,0,30000,Transfer,Supplier A,Selesai,10 Juli 2025,12 Juli 2025
51,Tipe A,270000,240000,240000,0,30000,Transfer,Supplier A,Selesai,10 Juli 2025,15 Juli 2025
52,Tipe A,270000,240000,240000,0,30000,Transfer,Supplier A,Selesai,10 Juli 2025,12 Juli 2025
53,Tipe A,260000,240000,240000,0,20000,Transfer,Supplier A,Selesai,10 Juli 2025,12 Juli 2025
54,Tipe A,270000,240000,240000,0,30000,Transfer,Supplier A,Selesai,10 Juli 2025,12 Juli 2025
55,Tipe A,270000,240000,240000,0,30000,Transfer,Supplier A,Selesai,10 Juli 2025,12 Juli 2025
56,Tipe A,270000,230000,230000,0,40000,Transfer,Supplier D,Selesai,10 Juli 2025,13 Juli 2025
57,Tipe A,270000,230000,230000,0,40000,Transfer,Supplier D,Selesai,10 Juli 2025,13 Juli 2025
58,Tipe A,270000,230000,230000,0,40000,Transfer,Supplier D,Selesai,10 Juli 2025,13 Juli 2025
59,Tipe A,220000,220000,220000,0,0,Transfer,Supplier A,Selesai,14 Juli 2025,15 Juli 2025
60,Tipe A,260000,220000,220000,0,40000,Transfer,Supplier A,Selesai,14 Juli 2025,15 Juli 2025
61,Tipe A,265000,220000,220000,0,45000,Transfer,Supplier A,Selesai,14 Juli 2025,15 Juli 2025
62,Tipe A,270000,235000,235000,0,35000,Transfer,Supplier C,Selesai,12 Juli 2025,15 Juli 2025
63,Tipe A,270000,235000,235000,0,35000,Transfer,Supplier C,Selesai,12 Juli 2025,15 Juli 2025
64,Tipe A,260000,235000,235000,0,25000,Transfer,Supplier C,Selesai,12 Juli 2025,15 Juli 2025
65,Tipe A,269000,235000,235000,0,34000,Transfer,Supplier C,Selesai,12 Juli 2025,15 Juli 2025
66,Tipe A,260000,235000,235000,0,25000,Transfer,Supplier C,Selesai,12 Juli 2025,15 Juli 2025
67,Tipe A,270000,235000,235000,0,35000,Transfer,Supplier C,Selesai,12 Juli 2025,15 Juli 2025
68,Tipe A,265000,220000,220000,0,45000,Transfer,Supplier B,Selesai,13 Juli 2025,15 Juli 2025
69,Tipe A,265000,220000,220000,0,45000,Transfer,Supplier B,Selesai,14 Juli 2025,15 Juli 2025
70,Tipe A,260000,220000,220000,0,40000,Transfer,Supplier B,Selesai,14 Juli 2025,15 Juli 2025
71,Tipe A,260000,220000,220000,0,40000,Transfer,Supplier B,Selesai,14 Juli 2025,15 Juli 2025
72,Tipe A,260000,220000,220000,0,40000,Transfer,Supplier B,Selesai,14 Juli 2025,15 Juli 2025
73,Tipe A,220000,210000,210000,0,10000,Transfer,Supplier A,Selesai,15 Juli 2025,17 Juli 2025
74,Tipe A,260000,210000,210000,0,50000,Transfer,Supplier A,Selesai,15 Juli 2025,17 Juli 2025
75,Tipe A,250000,210000,210000,0,40000,Transfer,Supplier A,Selesai,15 Juli 2025,17 Juli 2025
76,Tipe A,260000,210000,210000,0,50000,Transfer,Supplier A,Selesai,15 Juli 2025,17 Juli 2025
77,Tipe A,260000,220000,220000,0,40000,Transfer,Supplier B,Selesai,15 Juli 2025,17 Juli 2025
78,Tipe A,255000,220000,220000,0,35000,Transfer,Supplier B,Selesai,15 Juli 2025,27 Juli 2025
79,Tipe A,260000,220000,220000,0,40000,Transfer,Supplier B,Selesai,15 Juli 2025,17 Juli 2025
80,Tipe A,230000,220000,220000,0,10000,Transfer,Supplier B,Selesai,17 Juli 2025,19 Juli 2025
81,Tipe A,230000,220000,220000,0,10000,Transfer,Supplier B,Selesai,17 Juli 2025,19 Juli 2025
82,Tipe A,260000,220000,220000,0,40000,Transfer,Supplier B,Selesai,17 Juli 2025,19 Juli 2025
83,Tipe A,255000,220000,220000,0,35000,Transfer,Supplier B,Selesai,18 Juli 2025,27 Juli 2025
84,Tipe A,260000,210000,210000,0,50000,Transfer,Supplier A,Selesai,18 Juli 2025,19 Juli 2025
85,Tipe A,260000,210000,210000,0,50000,Transfer,Supplier A,Selesai,18 Juli 2025,19 Juli 2025
86,Tipe A,220000,210000,210000,0,10000,Transfer,Supplier A,Selesai,17 Juli 2025,19 Juli 2025
87,Tipe A,260000,210000,210000,0,50000,Transfer,Supplier A,Selesai,17 Juli 2025,19 Juli 2025
88,Tipe A,260000,210000,210000,0,50000,Transfer,Supplier A,Selesai,17 Juli 2025,19 Juli 2025
89,Tipe A,260000,210000,210000,0,50000,Transfer,Supplier A,Selesai,17 Juli 2025,19 Juli 2025
90,Tipe A,260000,220000,220000,0,40000,Transfer,Supplier B,Selesai,16 Juli 2025,24 Juli 2025
91,Tipe A,260000,220000,220000,0,40000,Transfer,Supplier B,Selesai,16 Juli 2025,19 Juli 2025
92,Tipe B,230000,185000,185000,0,45000,Transfer,Supplier B,Selesai,20 Juli 2025,21 Juli 2025
93,Tipe A,250000,220000,220000,0,30000,Transfer,Supplier B,Selesai,20 Juli 2025,21 Juli 2025
94,Tipe A,250000,220000,220000,0,30000,Transfer,Supplier B,Selesai,20 Juli 2025,21 Juli 2025
95,Tipe A,250000,220000,220000,0,30000,Transfer,Supplier A,Selesai,21 Juli 2025,22 Juli 2025
96,Tipe A,250000,220000,220000,0,30000,Transfer,Supplier A,Selesai,21 Juli 2025,22 Juli 2025
97,Tipe A,250000,220000,220000,0,30000,Transfer,Supplier B,Selesai,21 Juli 2025,24 Juli 2025
98,Tipe A,250000,210000,210000,0,40000,Transfer,Supplier A,Selesai,22 Juli 2025,24 Juli 2025
99,Tipe A,250000,210000,210000,0,40000,Transfer,Supplier A,Selesai,22 Juli 2025,24 Juli 2025
100,Tipe A,250000,210000,210000,0,40000,Transfer,Supplier A,Selesai,22 Juli 2025,24 Juli 2025
101,Tipe A,240000,210000,210000,0,30000,Transfer,Supplier A,Selesai,23 Juli 2025,24 Juli 2025
102,Tipe A,240000,210000,210000,0,30000,Transfer,Supplier A,Selesai,23 Juli 2025,24 Juli 2025
103,Tipe A,240000,210000,210000,0,30000,Transfer,Supplier A,Selesai,23 Juli 2025,24 Juli 2025
104,Tipe A,240000,210000,210000,0,30000,Transfer,Supplier A,Selesai,23 Juli 2025,24 Juli 2025
105,Tipe A,240000,210000,210000,0,30000,Transfer,Supplier A,Selesai,23 Juli 2025,24 Juli 2025
106,Tipe A,240000,210000,210000,0,30000,Transfer,Supplier A,Selesai,23 Juli 2025,24 Juli 2025
107,Tipe A,240000,210000,210000,0,30000,Transfer,Supplier A,Selesai,23 Juli 2025,24 Juli 2025
108,Tipe A,210000,200000,200000,0,10000,Transfer,Supplier B,Selesai,22 Juli 2025,25 Juli 2025
109,Tipe A,210000,200000,200000,0,10000,Transfer,Supplier B,Selesai,22 Juli 2025,7 Agustus 2025
110,Tipe A,240000,200000,200000,0,40000,Transfer,Supplier B,Selesai,22 Juli 2025,25 Juli 2025
111,Tipe A,240000,200000,200000,0,40000,Transfer,Supplier B,Selesai,22 Juli 2025,25 Juli 2025
112,Tipe A,240000,185000,185000,0,55000,Transfer,Supplier B,Selesai,25 Juli 2025,28 Juli 2025
113,Tipe A,240000,200000,200000,0,40000,Transfer,Supplier B,Selesai,25 Juli 2025,25 Juli 2025
114,Tipe A,240000,200000,200000,0,40000,Transfer,Supplier C,Selesai,24 Juli 2025,30 Juli 2025
115,Tipe A,240000,200000,200000,0,40000,Transfer,Supplier C,Selesai,24 Juli 2025,30 Juli 2025
116,Tipe A,240000,210000,210000,0,30000,Transfer,Supplier A,Selesai,24 Juli 2025,25 Juli 2025
117,Tipe A,240000,210000,210000,0,30000,Transfer,Supplier A,Selesai,25 Juli 2025,25 Juli 2025
118,Tipe A,250000,210000,210000,0,40000,Transfer,Supplier A,Selesai,25 Juli 2025,25 Juli 2025
119,Tipe A,240000,210000,210000,0,30000,Transfer,Supplier A,Selesai,26 Juli 2025,27 Juli 2025
120,Tipe A,240000,210000,210000,0,30000,Transfer,Supplier A,Selesai,26 Juli 2025,27 Juli 2025
121,Tipe A,240000,185000,185000,0,55000,Transfer,Supplier B,Selesai,26 Juli 2025,27 Juli 2025
122,Tipe A,240000,185000,185000,0,55000,Transfer,Supplier B,Selesai,26 Juli 2025,27 Juli 2025
123,Tipe A,240000,185000,185000,0,55000,Transfer,Supplier B,Selesai,26 Juli 2025,27 Juli 2025
124,Tipe A,240000,185000,185000,0,55000,Transfer,Supplier B,Selesai,26 Juli 2025,27 Juli 2025
125,Tipe A,240000,200000,200000,0,40000,Transfer,Supplier B,Selesai,26 Juli 2025,28 Juli 2025
126,Tipe A,240000,210000,210000,0,30000,Transfer,Supplier A,Selesai,27 Juli 2025,28 Juli 2025
127,Tipe A,240000,210000,210000,0,30000,Transfer,Supplier A,Selesai,27 Juli 2025,28 Juli 2025
128,Tipe A,240000,200000,200000,0,40000,Transfer,Supplier D,Selesai,27 Juli 2025,28 Juli 2025
129,Tipe A,240000,210000,210000,0,30000,Transfer,Supplier A,Selesai,28 Juli 2025,28 Juli 2025
130,Tipe A,240000,210000,210000,0,30000,Transfer,Supplier A,Selesai,27 Juli 2025,28 Juli 2025
131,Tipe A,210000,200000,200000,0,10000,Transfer,Supplier C,Selesai,28 Juli 2025,29 Juli 2025
132,Tipe B,185000,150000,150000,0,35000,Transfer,Supplier B,Selesai,28 Juli 2025,29 Juli 2025
133,Tipe B,185000,150000,150000,0,35000,Transfer,Supplier B,Selesai,28 Juli 2025,29 Juli 2025
134,Tipe B,185000,150000,150000,0,35000,Transfer,Supplier B,Selesai,28 Juli 2025,29 Juli 2025
135,Tipe B,185000,150000,150000,0,35000,Transfer,Supplier B,Selesai,28 Juli 2025,29 Juli 2025
136,Tipe A,240000,210000,210000,0,30000,Transfer,Supplier A,Selesai,28 Juli 2025,29 Juli 2025
137,Tipe A,230000,210000,210000,0,20000,Transfer,Supplier A,Selesai,28 Juli 2025,29 Juli 2025
138,Tipe A,230000,210000,210000,0,20000,Transfer,Supplier A,Selesai,28 Juli 2025,29 Juli 2025
139,Tipe A,230000,200000,200000,0,30000,Transfer,Supplier D,Selesai,29 Juli 2025,30 Juli 2025
140,Tipe A,230000,200000,200000,0,30000,Transfer,Supplier D,Selesai,29 Juli 2025,30 Juli 2025
141,Tipe A,230000,185000,185000,0,45000,Transfer,Supplier B,Selesai,29 Juli 2025,2 Agustus 2025
142,Tipe B,185000,155000,155000,0,30000,Transfer,Supplier B,Selesai,30 Juli 2025,2 Agustus 2025
143,Tipe B,185000,155000,155000,0,30000,Transfer,Supplier B,Selesai,30 Juli 2025,4 Agustus 2025
144,Tipe B,185000,155000,155000,0,30000,Transfer,Supplier B,Selesai,30 Juli 2025,2 Agustus 2025
145,Tipe B,220000,155000,155000,0,65000,Transfer,Supplier B,Selesai,30 Juli 2025,14 Agustus 2025
146,Tipe A,230000,190000,190000,0,40000,Transfer,Supplier A,Selesai,30 Juli 2025,2 Agustus 2025
147,Tipe A,220000,180000,180000,0,40000,Transfer,Supplier B,Selesai,1 Agustus 2025,2 Agustus 2025
148,Tipe A,250000,190000,190000,0,60000,Transfer,Supplier B,Selesai,1 Agustus 2025,2 Agustus 2025
149,Tipe A,210000,190000,190000,0,20000,Transfer,Supplier B,Selesai,1 Agustus 2025,2 Agustus 2025
150,Tipe B,185000,175000,175000,0,10000,Transfer,Supplier A,Selesai,1 Agustus 2025,2 Agustus 2025
151,Tipe B,185000,175000,175000,0,10000,Transfer,Supplier A,Selesai,1 Agustus 2025,7 Agustus 2025
152,Tipe A,185000,175000,175000,0,10000,Transfer,Supplier A,Selesai,1 Agustus 2025,2 Agustus 2025
153,Tipe B,185000,175000,175000,0,10000,Transfer,Supplier A,Selesai,1 Agustus 2025,2 Agustus 2025
154,Tipe A,220000,200000,200000,0,20000,Transfer,Supplier C,Selesai,2 Agustus 2025,14 Agustus 2025
155,Tipe A,220000,200000,200000,0,20000,Transfer,Supplier C,Selesai,2 Agustus 2025,14 Agustus 2025
156,Tipe A,220000,200000,200000,0,20000,Transfer,Supplier C,Selesai,2 Agustus 2025,2 Agustus 2025
157,Tipe A,240000,200000,200000,0,40000,Transfer,Supplier C,Selesai,2 Agustus 2025,2 Agustus 2025
158,Tipe A,220000,185000,185000,0,35000,Transfer,Supplier B,Selesai,3 Agustus 2025,7 Agustus 2025
159,Tipe A,220000,185000,185000,0,35000,Transfer,Supplier B,Selesai,3 Agustus 2025,7 Agustus 2025
160,Tipe A,220000,185000,185000,0,35000,Transfer,Supplier B,Selesai,3 Agustus 2025,7 Agustus 2025
161,Tipe A,220000,185000,185000,0,35000,Transfer,Supplier B,Selesai,3 Agustus 2025,7 Agustus 2025
162,Tipe A,220000,185000,185000,0,35000,Transfer,Supplier B,Selesai,3 Agustus 2025,7 Agustus 2025
163,Tipe A,220000,185000,185000,0,35000,Transfer,Supplier B,Selesai,3 Agustus 2025,7 Agustus 2025
164,Tipe A,220000,200000,200000,0,20000,Transfer,Supplier C,Selesai,4 Agustus 2025,7 Agustus 2025
165,Tipe A,220000,200000,200000,0,20000,Transfer,Supplier C,Selesai,4 Agustus 2025,14 Agustus 2025
166,Tipe A,220000,200000,200000,0,20000,Transfer,Supplier C,Selesai,4 Agustus 2025,14 Agustus 2025
167,Tipe A,220000,190000,190000,0,30000,Transfer,Supplier A,Selesai,5 Agustus 2025,7 Agustus 2025
168,Tipe A,220000,190000,190000,0,30000,Transfer,Supplier A,Selesai,5 Agustus 2025,7 Agustus 2025
169,Tipe A,220000,185000,185000,0,35000,Transfer,Supplier B,Selesai,6 Agustus 2025,8 Agustus 2025
170,Tipe A,220000,185000,185000,0,35000,Transfer,Supplier B,Selesai,8 Agustus 2025,12 Agustus 2025
171,Tipe A,220000,185000,185000,0,35000,Transfer,Supplier B,Selesai,8 Agustus 2025,12 Agustus 2025
172,Tipe A,220000,185000,185000,0,35000,Transfer,Supplier B,Selesai,8 Agustus 2025,12 Agustus 2025
173,Tipe A,220000,200000,200000,0,20000,Transfer,Supplier C,Selesai,7 Agustus 2025,12 Agustus 2025
174,Tipe A,220000,190000,190000,0,30000,Transfer,Supplier A,Selesai,7 Agustus 2025,12 Agustus 2025
175,Tipe A,220000,190000,190000,0,30000,Transfer,Supplier A,Selesai,7 Agustus 2025,12 Agustus 2025
176,Tipe A,220000,190000,190000,0,30000,Transfer,Supplier A,Selesai,7 Agustus 2025,12 Agustus 2025
177,Tipe A,220000,190000,190000,0,30000,Transfer,Supplier A,Selesai,8 Agustus 2025,12 Agustus 2025
178,Tipe A,220000,190000,190000,0,30000,Transfer,Supplier A,Selesai,8 Agustus 2025,12 Agustus 2025
179,Tipe A,220000,200000,200000,0,20000,Transfer,Supplier C,Selesai,9 Agustus 2025,12 Agustus 2025
180,Tipe A,210000,190000,190000,0,20000,Transfer,Supplier A,Selesai,9 Agustus 2025,12 Agustus 2025
181,Tipe A,220000,190000,190000,0,30000,Transfer,Supplier A,Selesai,9 Agustus 2025,12 Agustus 2025
182,Tipe A,200000,190000,190000,0,10000,Transfer,Supplier A,Selesai,9 Agustus 2025,12 Agustus 2025
183,Tipe A,220000,180000,180000,0,40000,Transfer,Supplier B,Selesai,11 Agustus 2025,14 Agustus 2025
184,Tipe A,220000,180000,180000,0,40000,Transfer,Supplier B,Selesai,11 Agustus 2025,20 Agustus 2025
185,Tipe A,220000,180000,180000,0,40000,Transfer,Supplier B,Selesai,11 Agustus 2025,14 Agustus 2025
186,Tipe A,220000,190000,190000,0,30000,Transfer,Supplier A,Selesai,11 Agustus 2025,14 Agustus 2025
187,Tipe A,210000,190000,190000,0,20000,Transfer,Supplier A,Selesai,12 Agustus 2025,14 Agustus 2025
188,Tipe A,210000,190000,190000,0,20000,Transfer,Supplier A,Selesai,12 Agustus 2025,14 Agustus 2025
189,Tipe A,210000,190000,190000,0,20000,Transfer,Supplier A,Selesai,12 Agustus 2025,20 Agustus 2025
190,Tipe A,210000,180000,180000,0,30000,Transfer,Supplier A,Selesai,13 Agustus 2025,14 Agustus 2025
191,Tipe A,210000,180000,180000,0,30000,Transfer,Supplier A,Selesai,13 Agustus 2025,14 Agustus 2025
192,Tipe A,210000,180000,180000,0,30000,Transfer,Supplier B,Selesai,13 Agustus 2025,14 Agustus 2025
193,Tipe A,200000,180000,180000,0,20000,Transfer,Supplier B,Selesai,14 Agustus 2025,20 Agustus 2025
194,Tipe A,185000,180000,180000,0,5000,Transfer,Supplier B,Selesai,14 Agustus 2025,20 Agustus 2025
195,Tipe A,200000,180000,180000,0,20000,Transfer,Supplier B,Selesai,14 Agustus 2025,20 Agustus 2025
196,Tipe A,200000,180000,180000,0,20000,Transfer,Supplier B,Selesai,14 Agustus 2025,20 Agustus 2025
197,Tipe A,200000,180000,180000,0,20000,Transfer,Supplier A,Selesai,14 Agustus 2025,20 Agustus 2025
198,Tipe A,200000,180000,180000,0,20000,Transfer,Supplier A,Selesai,14 Agustus 2025,20 Agustus 2025
199,Tipe A,200000,180000,180000,0,20000,Transfer,Supplier A,Selesai,15 Agustus 2025,20 Agustus 2025
200,Tipe A,200000,180000,180000,0,20000,Transfer,Supplier A,Selesai,15 Agustus 2025,20 Agustus 2025
201,Tipe A,200000,180000,180000,0,20000,Transfer,Supplier B,Selesai,19 Agustus 2025,23 Agustus 2025
202,Tipe A,200000,180000,180000,0,20000,Transfer,Supplier B,Selesai,19 Agustus 2025,23 Agustus 2025
203,Tipe A,200000,165000,165000,0,35000,Transfer,Supplier B,Selesai,19 Agustus 2025,23 Agustus 2025
204,Tipe A,210000,180000,180000,0,30000,Transfer,Supplier A,Selesai,19 Agustus 2025,23 Agustus 2025
205,Tipe A,200000,180000,180000,0,20000,Transfer,Supplier A,Selesai,19 Agustus 2025,12 September 2025
206,Tipe A,200000,180000,180000,0,20000,Transfer,Supplier A,Selesai,19 Agustus 2025,12 September 2025
207,Tipe A,190000,160000,160000,0,30000,Transfer,Supplier B,Selesai,23 Agustus 2025,26 Agustus 2025
208,Tipe A,190000,160000,160000,0,30000,Transfer,Supplier B,Selesai,23 Agustus 2025,26 Agustus 2025
209,Tipe A,190000,160000,160000,0,30000,Transfer,Supplier B,Selesai,23 Agustus 2025,26 Agustus 2025
210,Tipe A,190000,160000,160000,0,30000,Transfer,Supplier B,Selesai,23 Agustus 2025,26 Agustus 2025
211,Tipe A,300000,160000,160000,0,140000,Transfer,Supplier B,Selesai,23 Agustus 2025,26 Agustus 2025
212,Tipe A,200000,180000,180000,0,20000,Transfer,Supplier A,Selesai,22 Agustus 2025,26 Agustus 2025
213,Tipe A,200000,180000,180000,0,20000,Transfer,Supplier A,Selesai,22 Agustus 2025,26 Agustus 2025
214,Tipe A,190000,170000,170000,0,20000,Transfer,Supplier A,Selesai,24 Agustus 2025,26 Agustus 2025
215,Tipe A,190000,170000,170000,0,20000,Transfer,Supplier A,Selesai,24 Agustus 2025,26 Agustus 2025
216,Tipe A,190000,170000,170000,0,20000,Transfer,Supplier A,Selesai,24 Agustus 2025,26 Agustus 2025
217,Tipe A,190000,170000,170000,0,20000,Transfer,Supplier B,Selesai,24 Agustus 2025,26 Agustus 2025
218,Tipe A,200000,170000,170000,0,30000,Transfer,Supplier A,Selesai,24 Agustus 2025,26 Agustus 2025
219,Tipe A,190000,170000,170000,0,20000,Transfer,Supplier B,Selesai,25 Agustus 2025,26 Agustus 2025
220,Tipe A,200000,170000,170000,0,30000,Transfer,Supplier B,Selesai,25 Agustus 2025,26 Agustus 2025
221,Tipe A,200000,170000,170000,0,30000,Transfer,Supplier B,Selesai,25 Agustus 2025,26 Agustus 2025
222,Tipe A,200000,170000,170000,0,30000,Transfer,Supplier B,Selesai,25 Agustus 2025,26 Agustus 2025
223,Tipe A,200000,170000,170000,0,30000,Transfer,Supplier B,Selesai,25 Agustus 2025,26 Agustus 2025
224,Tipe A,200000,170000,170000,0,30000,Transfer,Supplier B,Selesai,25 Agustus 2025,26 Agustus 2025
225,Tipe A,190000,170000,170000,0,20000,Transfer,Supplier B,Selesai,25 Agustus 2025,26 Agustus 2025
226,Tipe A,200000,170000,170000,0,30000,Transfer,Supplier B,Selesai,25 Agustus 2025,26 Agustus 2025
227,Tipe A,190000,170000,170000,0,20000,Transfer,Supplier B,Selesai,25 Agustus 2025,26 Agustus 2025
228,Tipe A,200000,170000,170000,0,30000,Transfer,Supplier B,Selesai,25 Agustus 2025,26 Agustus 2025
229,Tipe A,190000,170000,170000,0,20000,Transfer,Supplier B,Selesai,25 Agustus 2025,26 Agustus 2025
230,Tipe A,200000,170000,170000,0,30000,Transfer,Supplier B,Selesai,25 Agustus 2025,26 Agustus 2025
231,Tipe A,200000,170000,170000,0,30000,Transfer,Supplier B,Selesai,25 Agustus 2025,26 Agustus 2025
232,Tipe A,200000,170000,170000,0,30000,Transfer,Supplier B,Selesai,26 Agustus 2025,26 Agustus 2025
233,Tipe A,200000,170000,170000,0,30000,Transfer,Supplier B,Selesai,26 Agustus 2025,26 Agustus 2025
234,Tipe A,200000,170000,170000,0,30000,Transfer,Supplier B,Selesai,26 Agustus 2025,26 Agustus 2025
235,Tipe A,200000,170000,170000,0,30000,Transfer,Supplier B,Selesai,26 Agustus 2025,26 Agustus 2025
236,Tipe A,200000,170000,170000,0,30000,Transfer,Supplier B,Selesai,26 Agustus 2025,26 Agustus 2025
237,Tipe A,200000,170000,170000,0,30000,Transfer,Supplier B,Selesai,26 Agustus 2025,26 Agustus 2025
238,Tipe A,200000,170000,170000,0,30000,Transfer,Supplier B,Selesai,26 Agustus 2025,26 Agustus 2025
239,Tipe A,200000,170000,170000,0,30000,Transfer,Supplier B,Selesai,27 Agustus 2025,27 Agustus 2025
240,Tipe A,190000,170000,170000,0,20000,Transfer,Supplier B,Selesai,27 Agustus 2025,27 Agustus 2025
241,Tipe A,200000,170000,170000,0,30000,Transfer,Supplier B,Selesai,27 Agustus 2025,27 Agustus 2025
242,Tipe A,200000,170000,170000,0,30000,Transfer,Supplier B,Selesai,27 Agustus 2025,27 Agustus 2025
243,Tipe A,200000,170000,170000,0,30000,Transfer,Supplier B,Selesai,27 Agustus 2025,27 Agustus 2025
244,Tipe A,200000,170000,170000,0,30000,Transfer,Supplier B,Selesai,27 Agustus 2025,27 Agustus 2025
245,Tipe A,200000,170000,170000,0,30000,Transfer,Supplier B,Selesai,27 Agustus 2025,27 Agustus 2025
246,Tipe A,200000,170000,170000,0,30000,Transfer,Supplier B,Selesai,27 Agustus 2025,12 September 2025
247,Tipe A,200000,170000,170000,0,30000,Transfer,Supplier B,Selesai,27 Agustus 2025,12 September 2025
248,Tipe A,200000,170000,170000,0,30000,Transfer,Supplier B,Selesai,27 Agustus 2025,28 Agustus 2025
249,Tipe A,189000,170000,170000,0,19000,Transfer,Supplier B,Selesai,27 Agustus 2025,28 Agustus 2025
250,Tipe A,200000,195000,195000,0,5000,Transfer,Supplier A,Selesai,27 Agustus 2025,28 Agustus 2025
251,Tipe A,200000,195000,195000,0,5000,Transfer,Supplier D,Selesai,27 Agustus 2025,4 September 2025
252,Tipe A,200000,195000,195000,0,5000,Transfer,Supplier D,Selesai,27 Agustus 2025,4 September 2025
253,Tipe A,200000,195000,195000,0,5000,Transfer,Supplier D,Selesai,27 Agustus 2025,28 Agustus 2025
254,Tipe A,200000,195000,195000,0,5000,Transfer,Supplier D,Selesai,27 Agustus 2025,12 September 2025
255,Tipe A,200000,195000,195000,0,5000,Transfer,Supplier D,Selesai,27 Agustus 2025,28 Agustus 2025
256,Tipe A,200000,170000,170000,0,30000,Transfer,Supplier B,Selesai,28 Agustus 2025,31 Agustus 2025
257,Tipe A,200000,170000,170000,0,30000,Transfer,Supplier B,Selesai,28 Agustus 2025,31 Agustus 2025
258,Tipe A,200000,170000,170000,0,30000,Transfer,Supplier B,Selesai,28 Agustus 2025,31 Agustus 2025
259,Tipe A,200000,170000,170000,0,30000,Transfer,Supplier B,Selesai,31 Agustus 2025,31 Agustus 2025
260,Tipe A,200000,170000,170000,0,30000,Transfer,Supplier B,Selesai,31 Agustus 2025,31 Agustus 2025
261,Tipe A,200000,170000,170000,0,30000,Transfer,Supplier B,Selesai,31 Agustus 2025,31 Agustus 2025
262,Tipe A,200000,170000,170000,0,30000,Transfer,Supplier B,Selesai,31 Agustus 2025,4 September 2025
263,Tipe A,200000,170000,170000,0,30000,Transfer,Supplier B,Selesai,31 Agustus 2025,31 Agustus 2025
264,Tipe A,200000,170000,170000,0,30000,Transfer,Supplier B,Selesai,31 Agustus 2025,31 Agustus 2025
265,Tipe A,200000,170000,170000,0,30000,Transfer,Supplier B,Selesai,31 Agustus 2025,31 Agustus 2025
266,Tipe A,200000,170000,170000,0,30000,Transfer,Supplier B,Selesai,1 September 2025,4 September 2025
267,Tipe A,200000,170000,170000,0,30000,Transfer,Supplier B,Selesai,1 September 2025,4 September 2025
268,Tipe A,200000,170000,170000,0,30000,Transfer,Supplier B,Selesai,1 September 2025,4 September 2025
269,Tipe A,200000,150000,150000,0,50000,Transfer,Supplier A,Selesai,1 September 2025,4 September 2025
270,Tipe A,200000,170000,170000,0,30000,Transfer,Supplier B,Selesai,2 September 2025,8 September 2025
271,Tipe A,200000,170000,170000,0,30000,Transfer,Supplier B,Selesai,2 September 2025,8 September 2025
272,Tipe A,200000,170000,170000,0,30000,Transfer,Supplier B,Selesai,2 September 2025,12 September 2025
273,Tipe A,190000,180000,180000,0,10000,Transfer,Supplier A,Selesai,5 September 2025,8 September 2025
274,Tipe A,200000,180000,180000,0,20000,Transfer,Supplier A,Selesai,5 September 2025,8 September 2025
275,Tipe A,200000,180000,180000,0,20000,Transfer,Supplier A,Selesai,5 September 2025,8 September 2025
276,Tipe A,300000,180000,180000,0,120000,Transfer,Supplier A,Selesai,5 September 2025,8 September 2025
277,Tipe A,200000,170000,170000,0,30000,Transfer,Supplier B,Selesai,5 September 2025,12 September 2025
278,Tipe A,190000,170000,170000,0,20000,Transfer,Supplier B,Selesai,5 September 2025,8 September 2025
279,Tipe A,200000,170000,170000,0,30000,Transfer,Supplier B,Selesai,6 September 2025,8 September 2025
280,Tipe A,200000,170000,170000,0,30000,Transfer,Supplier B,Selesai,6 September 2025,8 September 2025
281,Tipe A,200000,170000,170000,0,30000,Transfer,Supplier B,Selesai,6 September 2025,8 September 2025
282,Tipe A,210000,210000,210000,0,0,Transfer,Supplier C,Selesai,6 September 2025,8 September 2025
283,Tipe A,200000,210000,210000,0,10000,Transfer,Supplier C,Selesai,6 September 2025,8 September 2025
284,Tipe A,200000,170000,170000,0,30000,Transfer,Supplier B,Selesai,8 September 2025,8 September 2025
285,Tipe A,200000,170000,170000,0,30000,Transfer,Supplier B,Selesai,8 September 2025,8 September 2025
286,Tipe A,200000,180000,180000,0,20000,Transfer,Supplier B,Selesai,9 September 2025,12 September 2025
287,Tipe A,200000,180000,180000,0,20000,Transfer,Supplier B,Selesai,9 September 2025,12 September 2025
288,Tipe A,200000,180000,180000,0,20000,Transfer,Supplier B,Selesai,9 September 2025,12 September 2025
289,Tipe A,200000,180000,180000,0,20000,Transfer,Supplier B,Selesai,9 September 2025,12 September 2025
290,Tipe A,200000,180000,180000,0,20000,Transfer,Supplier B,Selesai,9 September 2025,12 September 2025
291,Tipe A,210000,160000,160000,0,50000,Transfer,Supplier A,Selesai,10 September 2025,12 September 2025
292,Tipe A,200000,160000,160000,0,40000,Transfer,Supplier A,Selesai,10 September 2025,12 September 2025
293,Tipe A,210000,160000,160000,0,50000,Transfer,Supplier A,Selesai,10 September 2025,12 September 2025
294,Tipe A,210000,160000,160000,0,50000,Transfer,Supplier A,Selesai,10 September 2025,12 September 2025
295,Tipe A,300000,160000,160000,0,140000,Transfer,Supplier A,Selesai,10 September 2025,12 September 2025
296,Tipe A,200000,200000,200000,0,0,Transfer,Supplier B,Selesai,10 September 2025,12 September 2025
297,Tipe A,200000,180000,180000,0,20000,Transfer,Supplier B,Selesai,12 September 2025,15 September 2025
298,Tipe A,210000,180000,180000,0,30000,Transfer,Supplier B,Selesai,12 September 2025,12 September 2025
299,Tipe A,200000,180000,180000,0,20000,Transfer,Supplier B,Selesai,12 September 2025,12 September 2025
300,Tipe A,210000,180000,180000,0,30000,Transfer,Supplier B,Selesai,13 September 2025,15 September 2025
301,Tipe A,200000,180000,180000,0,20000,Transfer,Supplier B,Selesai,13 September 2025,15 September 2025
302,Tipe A,210000,180000,180000,0,30000,Transfer,Supplier A,Selesai,12 September 2025,15 September 2025
303,Tipe A,210000,160000,160000,0,50000,Transfer,Supplier A,Selesai,14 September 2025,15 September 2025
304,Tipe A,210000,160000,160000,0,50000,Transfer,Supplier A,Selesai,14 September 2025,15 September 2025
305,Tipe A,220000,160000,160000,0,60000,Transfer,Supplier A,Selesai,14 September 2025,15 September 2025
306,Tipe A,210000,180000,180000,0,30000,Transfer,Supplier B,Selesai,14 September 2025,15 September 2025
307,Tipe A,210000,180000,180000,0,30000,Transfer,Supplier B,Selesai,14 September 2025,15 September 2025
308,Tipe A,200000,180000,180000,0,20000,Transfer,Supplier B,Selesai,14 September 2025,17 September 2025
309,Tipe A,200000,180000,180000,0,20000,Transfer,Supplier B,Selesai,14 September 2025,17 September 2025
310,Tipe A,200000,180000,180000,0,20000,Transfer,Supplier B,Selesai,14 September 2025,15 September 2025
311,Tipe A,200000,180000,180000,0,20000,Transfer,Supplier B,Selesai,14 September 2025,15 September 2025
312,Tipe A,200000,180000,180000,0,20000,Transfer,Supplier B,Selesai,14 September 2025,17 September 2025
313,Tipe A,300000,170000,170000,0,130000,Transfer,Supplier B,Selesai,15 September 2025,17 September 2025
314,Tipe A,210000,170000,170000,0,40000,Transfer,Supplier B,Selesai,15 September 2025,17 September 2025
315,Tipe A,200000,170000,170000,0,30000,Transfer,Supplier B,Selesai,15 September 2025,17 September 2025
316,Tipe A,200000,175000,175000,0,25000,Transfer,Supplier B,Selesai,15 September 2025,17 September 2025
317,Tipe A,210000,175000,175000,0,35000,Transfer,Supplier B,Selesai,15 September 2025,17 September 2025
318,Tipe A,210000,180000,180000,0,30000,Transfer,Supplier A,Selesai,16 September 2025,17 September 2025
319,Tipe A,200000,180000,180000,0,20000,Transfer,Supplier A,Selesai,16 September 2025,17 September 2025
320,Tipe A,200000,170000,170000,0,30000,Transfer,Supplier B,Selesai,17 September 2025,24 September 2025
321,Tipe A,200000,170000,170000,0,30000,Transfer,Supplier B,Selesai,17 September 2025,24 September 2025
322,Tipe A,200000,170000,170000,0,30000,Transfer,Supplier B,Selesai,18 September 2025,21 September 2025
323,Tipe A,200000,170000,170000,0,30000,Transfer,Supplier B,Selesai,18 September 2025,21 September 2025
324,Tipe A,200000,180000,180000,0,20000,Transfer,Supplier A,Selesai,18 September 2025,21 September 2025
325,Tipe A,200000,180000,180000,0,20000,Transfer,Supplier A,Selesai,18 September 2025,21 September 2025
326,Tipe A,200000,175000,175000,0,25000,Transfer,Supplier B,Selesai,18 September 2025,21 September 2025
327,Tipe A,200000,175000,175000,0,25000,Transfer,Supplier B,Selesai,18 September 2025,21 September 2025
328,Tipe A,200000,175000,175000,0,25000,Transfer,Supplier B,Selesai,18 September 2025,21 September 2025
329,Tipe A,200000,170000,170000,0,30000,Transfer,Supplier B,Selesai,19 September 2025,21 September 2025
330,Tipe A,200000,170000,170000,0,30000,Transfer,Supplier B,Selesai,19 September 2025,24 September 2025
331,Tipe B,160000,160000,160000,0,0,Transfer,Supplier C,Selesai,21 September 2025,21 September 2025
332,Tipe A,200000,170000,170000,0,30000,Transfer,Supplier B,Selesai,20 September 2025,21 September 2025
333,Tipe A,200000,170000,170000,0,30000,Transfer,Supplier B,Selesai,20 September 2025,21 September 2025
334,Tipe A,200000,170000,170000,0,30000,Transfer,Supplier B,Selesai,20 September 2025,21 September 2025
335,Tipe A,200000,170000,170000,0,30000,Transfer,Supplier B,Selesai,20 September 2025,21 September 2025
336,Tipe A,200000,180000,180000,0,20000,Transfer,Supplier A,Selesai,21 September 2025,24 September 2025
337,Tipe A,200000,180000,180000,0,20000,Transfer,Supplier A,Selesai,21 September 2025,24 September 2025
338,Tipe A,200000,200000,200000,0,0,Transfer,Supplier C,Selesai,22 September 2025,24 September 2025
339,Tipe A,220000,200000,200000,0,20000,Transfer,Supplier C,Selesai,22 September 2025,24 September 2025
340,Tipe A,220000,200000,200000,0,20000,Transfer,Supplier C,Selesai,24 September 2025,24 September 2025
341,Tipe A,220000,200000,200000,0,20000,Transfer,Supplier C,Selesai,23 September 2025,24 September 2025
342,Tipe B,180000,130000,130000,0,50000,Transfer,Supplier B,Selesai,25 September 2025,27 September 2025
343,Tipe A,200000,180000,180000,0,20000,Transfer,Supplier A,Selesai,25 September 2025,28 September 2025
344,Tipe A,200000,180000,180000,0,20000,Transfer,Supplier A,Selesai,25 September 2025,7 Oktober 2025
345,Tipe A,200000,170000,170000,0,30000,Transfer,Supplier B,Selesai,27 September 2025,27 September 2025
346,Tipe A,200000,170000,170000,0,30000,Transfer,Supplier B,Selesai,27 September 2025,27 September 2025
347,Tipe A,220000,200000,200000,0,20000,Transfer,Supplier C,Selesai,26 September 2025,7 Oktober 2025
348,Tipe A,220000,200000,200000,0,20000,Transfer,Supplier C,Selesai,26 September 2025,27 September 2025
349,Tipe A,200000,170000,170000,0,30000,Transfer,Supplier B,Selesai,27 September 2025,27 September 2025
350,Tipe A,200000,170000,170000,0,30000,Transfer,Supplier B,Selesai,27 September 2025,27 September 2025
351,Tipe A,200000,150000,150000,0,50000,Transfer,Supplier A,Selesai,27 September 2025,7 Oktober 2025
352,Tipe A,200000,150000,150000,0,50000,Transfer,Supplier A,Selesai,27 September 2025,7 Oktober 2025
353,Tipe B,170000,150000,150000,0,20000,Transfer,Supplier A,Selesai,27 September 2025,27 September 2025
354,Tipe B,180000,150000,150000,0,30000,Transfer,Supplier A,Selesai,27 September 2025,27 September 2025
355,Tipe A,200000,180000,180000,0,20000,Transfer,Supplier A,Selesai,27 September 2025,27 September 2025
356,Tipe A,200000,180000,180000,0,20000,Transfer,Supplier A,Selesai,27 September 2025,27 September 2025
357,Tipe A,200000,180000,180000,0,20000,Transfer,Supplier A,Selesai,27 September 2025,27 September 2025
358,Tipe A,200000,180000,180000,0,20000,Transfer,Supplier A,Selesai,27 September 2025,28 September 2025
359,Tipe A,200000,175000,175000,0,25000,Transfer,Supplier C,Selesai,28 September 2025,28 September 2025
360,Tipe A,220000,200000,200000,0,20000,Transfer,Supplier C,Selesai,28 September 2025,28 September 2025
361,Tipe A,220000,200000,200000,0,20000,Transfer,Supplier C,Selesai,29 September 2025,30 September 2025
362,Tipe A,220000,200000,200000,0,20000,Transfer,Supplier C,Selesai,29 September 2025,30 September 2025
363,Tipe A,200000,170000,170000,0,30000,Transfer,Supplier B,Selesai,28 September 2025,30 September 2025
364,Tipe A,200000,170000,170000,0,30000,Transfer,Supplier B,Selesai,28 September 2025,7 Oktober 2025
365,Tipe A,220000,200000,200000,0,20000,Transfer,Supplier C,Selesai,29 September 2025,1 Oktober 2025
366,Tipe A,220000,200000,200000,0,20000,Transfer,Supplier C,Selesai,29 September 2025,1 Oktober 2025
367,Tipe A,220000,200000,200000,0,20000,Transfer,Supplier C,Selesai,30 September 2025,1 Oktober 2025
368,Tipe A,220000,200000,200000,0,20000,Transfer,Supplier C,Selesai,30 September 2025,1 Oktober 2025
369,Tipe A,195000,165000,165000,0,30000,Transfer,Supplier B,Selesai,1 Oktober 2025,1 Oktober 2025
370,Tipe A,170000,165000,165000,0,5000,Transfer,Supplier B,Selesai,1 Oktober 2025,1 Oktober 2025
371,Tipe A,220000,200000,200000,0,20000,Transfer,Supplier C,Selesai,1 Oktober 2025,1 Oktober 2025
372,Tipe A,200000,180000,180000,0,20000,Transfer,Supplier A,Selesai,30 September 2025,3 Oktober 2025
373,Tipe A,195000,165000,165000,0,30000,Transfer,Supplier B,Selesai,2 Oktober 2025,6 Oktober 2025
374,Tipe A,195000,165000,165000,0,30000,Transfer,Supplier B,Selesai,2 Oktober 2025,7 Oktober 2025
375,Tipe B,160000,125000,125000,0,35000,Transfer,Supplier B,Selesai,2 Oktober 2025,6 Oktober 2025
376,Tipe A,160000,125000,125000,0,35000,Transfer,Supplier B,Selesai,2 Oktober 2025,6 Oktober 2025
377,Tipe A,170000,165000,165000,0,5000,Transfer,Supplier B,Selesai,3 Oktober 2025,6 Oktober 2025
378,Tipe A,190000,165000,165000,0,25000,Transfer,Supplier B,Selesai,3 Oktober 2025,6 Oktober 2025
379,Tipe A,195000,165000,165000,0,30000,Transfer,Supplier B,Selesai,3 Oktober 2025,7 Oktober 2025
380,Tipe A,195000,165000,165000,0,30000,Transfer,Supplier B,Selesai,3 Oktober 2025,7 Oktober 2025
381,Tipe A,195000,180000,180000,0,15000,Transfer,Supplier A,Selesai,3 Oktober 2025,7 Oktober 2025
382,Tipe A,195000,180000,180000,0,15000,Transfer,Supplier A,Selesai,3 Oktober 2025,7 Oktober 2025
383,Tipe A,195000,180000,180000,0,15000,Transfer,Supplier A,Selesai,3 Oktober 2025,7 Oktober 2025
384,Tipe A,195000,165000,165000,0,30000,Transfer,Supplier B,Selesai,5 Oktober 2025,7 Oktober 2025
385,Tipe A,195000,165000,165000,0,30000,Transfer,Supplier B,Selesai,5 Oktober 2025,7 Oktober 2025
386,Tipe A,195000,165000,165000,0,30000,Transfer,Supplier B,Selesai,5 Oktober 2025,7 Oktober 2025
387,Tipe A,220000,200000,200000,0,20000,Transfer,Supplier C,Selesai,4 Oktober 2025,7 Oktober 2025
388,Tipe A,195000,165000,165000,0,30000,Transfer,Supplier B,Selesai,6 Oktober 2025,7 Oktober 2025
389,Tipe A,195000,165000,165000,0,30000,Transfer,Supplier B,Selesai,6 Oktober 2025,7 Oktober 2025
390,Tipe A,195000,165000,165000,0,30000,Transfer,Supplier B,Selesai,6 Oktober 2025,7 Oktober 2025
391,Tipe A,195000,165000,165000,0,30000,Transfer,Supplier B,Selesai,6 Oktober 2025,7 Oktober 2025
392,Tipe B,160000,150000,150000,0,10000,Transfer,Supplier A,Selesai,8 Oktober 2025,12 Oktober 2025
393,Tipe A,195000,180000,180000,0,15000,Transfer,Supplier A,Selesai,8 Oktober 2025,12 Oktober 2025
394,Tipe A,220000,200000,200000,0,20000,Transfer,Supplier C,Selesai,6 Oktober 2025,12 Oktober 2025
395,Tipe A,220000,200000,200000,0,20000,Transfer,Supplier C,Selesai,6 Oktober 2025,12 Oktober 2025
396,Tipe A,195000,165000,165000,0,30000,Transfer,Supplier B,Selesai,8 Oktober 2025,12 Oktober 2025
397,Tipe A,195000,165000,165000,0,30000,Transfer,Supplier B,Selesai,8 Oktober 2025,12 Oktober 2025
398,Tipe A,250000,165000,165000,0,85000,Transfer,Supplier B,Selesai,8 Oktober 2025,12 Oktober 2025
399,Tipe A,195000,165000,165000,0,30000,Transfer,Supplier B,Selesai,9 Oktober 2025,12 Oktober 2025
400,Tipe A,195000,165000,165000,0,30000,Transfer,Supplier B,Selesai,9 Oktober 2025,12 Oktober 2025
401,Tipe A,195000,165000,165000,0,30000,Transfer,Supplier B,Selesai,9 Oktober 2025,12 Oktober 2025
402,Tipe A,195000,165000,165000,0,30000,Transfer,Supplier B,Selesai,9 Oktober 2025,23 Oktober 2025
403,Tipe A,195000,165000,165000,0,30000,Transfer,Supplier B,Selesai,9 Oktober 2025,12 Oktober 2025
404,Tipe A,195000,165000,165000,0,30000,Transfer,Supplier B,Selesai,9 Oktober 2025,12 Oktober 2025
405,Tipe A,185000,175000,175000,0,10000,Transfer,Supplier C,Selesai,11 Oktober 2025,12 Oktober 2025
406,Tipe A,195000,175000,175000,0,20000,Transfer,Supplier C,Selesai,11 Oktober 2025,12 Oktober 2025
407,Tipe A,195000,175000,175000,0,20000,Transfer,Supplier C,Selesai,11 Oktober 2025,23 Oktober 2025
408,Tipe A,195000,175000,175000,0,20000,Transfer,Supplier C,Selesai,11 Oktober 2025,12 Oktober 2025
409,Tipe A,220000,180000,180000,0,40000,Transfer,Supplier A,Selesai,11 Oktober 2025,12 Oktober 2025
410,Tipe A,195000,180000,180000,0,15000,Transfer,Supplier A,Selesai,11 Oktober 2025,12 Oktober 2025
411,Tipe A,195000,180000,180000,0,15000,Transfer,Supplier A,Selesai,11 Oktober 2025,14 Oktober 2025
412,Tipe A,195000,165000,165000,0,30000,Transfer,Supplier B,Selesai,12 Oktober 2025,13 Oktober 2025
413,Tipe A,195000,165000,165000,0,30000,Transfer,Supplier B,Selesai,12 Oktober 2025,13 Oktober 2025
414,Tipe A,195000,165000,165000,0,30000,Transfer,Supplier B,Selesai,12 Oktober 2025,13 Oktober 2025
415,Tipe B,160000,145000,145000,0,15000,Transfer,Supplier A,Selesai,13 Oktober 2025,14 Oktober 2025
416,Tipe A,195000,175000,175000,0,20000,Transfer,Supplier A,Selesai,13 Oktober 2025,14 Oktober 2025
417,Tipe A,195000,170000,170000,0,25000,Transfer,Supplier A,Selesai,13 Oktober 2025,11 November 2025
418,Tipe A,195000,170000,170000,0,25000,Transfer,Supplier A,Selesai,13 Oktober 2025,11 November 2025
419,Tipe A,220000,175000,175000,0,45000,Transfer,Supplier C,Selesai,13 Oktober 2025,14 Oktober 2025
420,Tipe A,195000,175000,175000,0,20000,Transfer,Supplier C,Selesai,14 Oktober 2025,14 Oktober 2025
421,Tipe A,195000,165000,165000,0,30000,Transfer,Supplier B,Selesai,14 Oktober 2025,14 Oktober 2025
422,Tipe A,195000,165000,165000,0,30000,Transfer,Supplier B,Selesai,14 Oktober 2025,14 Oktober 2025
423,Tipe A,195000,165000,165000,0,30000,Transfer,Supplier B,Selesai,14 Oktober 2025,15 Oktober 2025
424,Tipe A,195000,160000,160000,0,35000,Transfer,Supplier B,Selesai,15 Oktober 2025,15 Oktober 2025
425,Tipe A,195000,160000,160000,0,35000,Transfer,Supplier B,Selesai,15 Oktober 2025,15 Oktober 2025
426,Tipe A,165000,160000,160000,0,5000,Transfer,Supplier B,Selesai,15 Oktober 2025,15 Oktober 2025
427,Tipe A,195000,155000,155000,0,40000,Transfer,Supplier B,Selesai,19 Oktober 2025,20 Oktober 2025
428,Tipe A,185000,155000,155000,0,30000,Transfer,Supplier B,Selesai,19 Oktober 2025,20 Oktober 2025
429,Tipe A,195000,155000,155000,0,40000,Transfer,Supplier B,Selesai,19 Oktober 2025,20 Oktober 2025
430,Tipe A,185000,170000,170000,0,15000,Transfer,Supplier C,Selesai,18 Oktober 2025,20 Oktober 2025
431,Tipe A,185000,170000,170000,0,15000,Transfer,Supplier C,Selesai,17 Oktober 2025,20 Oktober 2025
432,Tipe A,195000,170000,170000,0,25000,Transfer,Supplier C,Selesai,17 Oktober 2025,20 Oktober 2025
433,Tipe A,195000,170000,170000,0,25000,Transfer,Supplier C,Selesai,17 Oktober 2025,20 Oktober 2025
434,Tipe A,185000,170000,170000,0,15000,Transfer,Supplier C,Selesai,19 Oktober 2025,20 Oktober 2025
435,Tipe A,195000,170000,170000,0,25000,Transfer,Supplier A,Selesai,17 Oktober 2025,21 Oktober 2025
436,Tipe A,185000,170000,170000,0,15000,Transfer,Supplier A,Selesai,17 Oktober 2025,20 Oktober 2025
437,Tipe A,185000,170000,170000,0,15000,Transfer,Supplier A,Selesai,17 Oktober 2025,20 Oktober 2025
438,Tipe A,185000,170000,170000,0,15000,Transfer,Supplier C,Selesai,21 Oktober 2025,21 Oktober 2025
439,Tipe A,185000,155000,155000,0,30000,Transfer,Supplier B,Selesai,20 Oktober 2025,21 Oktober 2025
440,Tipe A,180000,155000,155000,0,25000,Transfer,Supplier B,Selesai,20 Oktober 2025,21 Oktober 2025
441,Tipe A,195000,155000,155000,0,40000,Transfer,Supplier B,Selesai,21 Oktober 2025,23 Oktober 2025
442,Tipe A,185000,155000,155000,0,30000,Transfer,Supplier B,Selesai,21 Oktober 2025,23 Oktober 2025
443,Tipe A,185000,155000,155000,0,30000,Transfer,Supplier B,Selesai,21 Oktober 2025,23 Oktober 2025
444,Tipe A,185000,155000,155000,0,30000,Transfer,Supplier A,Selesai,22 Oktober 2025,4 November 2025
445,Tipe A,185000,155000,155000,0,30000,Transfer,Supplier A,Selesai,22 Oktober 2025,23 Oktober 2025
446,Tipe A,185000,155000,155000,0,30000,Transfer,Supplier A,Selesai,22 Oktober 2025,23 Oktober 2025
447,Tipe A,185000,155000,155000,0,30000,Transfer,Supplier A,Selesai,22 Oktober 2025,23 Oktober 2025
448,Tipe A,185000,165000,165000,0,20000,Transfer,Supplier C,Selesai,22 Oktober 2025,23 Oktober 2025
449,Tipe A,185000,155000,155000,0,30000,Transfer,Supplier A,Selesai,23 Oktober 2025,23 Oktober 2025
450,Tipe A,185000,155000,155000,0,30000,Transfer,Supplier A,Selesai,23 Oktober 2025,23 Oktober 2025
451,Tipe A,185000,155000,155000,0,30000,Transfer,Supplier A,Selesai,23 Oktober 2025,23 Oktober 2025
452,Tipe A,175000,165000,165000,0,10000,Transfer,Supplier C,Selesai,25 Oktober 2025,28 Oktober 2025
453,Tipe A,175000,155000,155000,0,20000,Transfer,Supplier B,Selesai,24 Oktober 2025,28 Oktober 2025
454,Tipe A,175000,155000,155000,0,20000,Transfer,Supplier B,Selesai,25 Oktober 2025,28 Oktober 2025
455,Tipe A,175000,155000,155000,0,20000,Transfer,Supplier B,Selesai,25 Oktober 2025,28 Oktober 2025
456,Tipe A,175000,155000,155000,0,20000,Transfer,Supplier B,Selesai,25 Oktober 2025,28 Oktober 2025
457,Tipe A,175000,155000,155000,0,20000,Transfer,Supplier B,Selesai,25 Oktober 2025,28 Oktober 2025
458,Tipe A,175000,165000,165000,0,10000,Transfer,Supplier C,Selesai,26 Oktober 2025,28 Oktober 2025
459,Tipe A,175000,165000,165000,0,10000,Transfer,Supplier C,Selesai,26 Oktober 2025,28 Oktober 2025
460,Tipe A,175000,155000,155000,0,20000,Transfer,Supplier A,Selesai,27 Oktober 2025,28 Oktober 2025
461,Tipe A,175000,155000,155000,0,20000,Transfer,Supplier A,Selesai,27 Oktober 2025,28 Oktober 2025
462,Tipe A,175000,165000,165000,0,10000,Transfer,Supplier C,Selesai,28 Oktober 2025,30 Oktober 2025
463,Tipe A,175000,165000,165000,0,10000,Transfer,Supplier C,Selesai,28 Oktober 2025,30 Oktober 2025
464,Tipe A,175000,145000,145000,0,30000,Transfer,Supplier B,Selesai,29 Oktober 2025,30 Oktober 2025
465,Tipe A,175000,145000,145000,0,30000,Transfer,Supplier B,Selesai,29 Oktober 2025,11 November 2025
466,Tipe A,175000,145000,145000,0,30000,Transfer,Supplier A,Selesai,30 Oktober 2025,1 November 2025
467,Tipe A,170000,145000,145000,0,25000,Transfer,Supplier A,Selesai,30 Oktober 2025,1 November 2025
468,Tipe A,175000,145000,145000,0,30000,Transfer,Supplier A,Selesai,30 Oktober 2025,1 November 2025
469,Tipe A,175000,165000,165000,0,10000,Transfer,Supplier C,Selesai,30 Oktober 2025,1 November 2025
470,Tipe A,175000,165000,165000,0,10000,Transfer,Supplier C,Selesai,31 Oktober 2025,1 November 2025
471,Tipe A,175000,165000,165000,0,10000,Transfer,Supplier C,Selesai,31 Oktober 2025,4 November 2025
472,Tipe A,175000,165000,165000,0,10000,Transfer,Supplier C,Selesai,31 Oktober 2025,1 November 2025
473,Tipe A,195000,165000,165000,0,30000,Transfer,Supplier C,Selesai,31 Oktober 2025,2 November 2025
474,Tipe A,175000,135000,135000,0,40000,Transfer,Supplier B,Selesai,1 November 2025,2 November 2025
475,Tipe A,175000,135000,135000,0,40000,Transfer,Supplier B,Selesai,1 November 2025,2 November 2025
476,Tipe A,175000,135000,135000,0,40000,Transfer,Supplier B,Selesai,1 November 2025,2 November 2025
477,Tipe A,175000,135000,135000,0,40000,Transfer,Supplier B,Selesai,1 November 2025,2 November 2025
478,Tipe A,175000,135000,135000,0,40000,Transfer,Supplier B,Selesai,1 November 2025,2 November 2025
479,Tipe A,175000,145000,145000,0,30000,Transfer,Supplier A,Selesai,2 November 2025,3 November 2025
480,Tipe A,175000,145000,145000,0,30000,Transfer,Supplier A,Selesai,2 November 2025,3 November 2025
481,Tipe A,175000,150000,150000,0,25000,Transfer,Supplier E,Selesai,4 November 2025,4 November 2025
482,Tipe A,175000,165000,165000,0,10000,Transfer,Supplier C,Selesai,3 November 2025,4 November 2025
483,Tipe A,175000,165000,165000,0,10000,Transfer,Supplier C,Selesai,3 November 2025,4 November 2025
484,Tipe A,175000,165000,165000,0,10000,Transfer,Supplier C,Selesai,3 November 2025,4 November 2025
485,Tipe A,175000,110000,110000,0,65000,Transfer,Supplier E,Selesai,5 November 2025,6 November 2025
486,Tipe A,175000,110000,110000,0,65000,Transfer,Supplier E,Selesai,5 November 2025,6 November 2025
487,Tipe A,175000,110000,110000,0,65000,Transfer,Supplier E,Selesai,5 November 2025,6 November 2025
488,Tipe A,160000,125000,125000,0,35000,Transfer,Supplier Lainnya,Selesai,9 November 2025,10 November 2025
489,Tipe A,125000,110000,110000,0,15000,Transfer,Supplier E,Selesai,8 November 2025,10 November 2025
490,Tipe A,165000,125000,125000,0,40000,Transfer,Supplier E,Selesai,8 November 2025,10 November 2025
491,Tipe A,165000,125000,125000,0,40000,Transfer,Supplier E,Selesai,8 November 2025,10 November 2025
492,Tipe A,175000,145000,145000,0,30000,Transfer,Supplier A,Selesai,5 November 2025,10 November 2025
493,Tipe A,175000,145000,145000,0,30000,Transfer,Supplier A,Selesai,6 November 2025,10 November 2025
494,Tipe A,175000,145000,145000,0,30000,Transfer,Supplier A,Selesai,6 November 2025,10 November 2025
495,Tipe A,175000,125000,125000,0,50000,Transfer,Supplier E,Selesai,6 November 2025,10 November 2025
496,Tipe A,175000,125000,125000,0,50000,Transfer,Supplier E,Selesai,6 November 2025,10 November 2025
497,Tipe A,175000,125000,125000,0,50000,Transfer,Supplier E,Selesai,6 November 2025,10 November 2025
498,Tipe A,155000,130000,130000,0,25000,Transfer,Supplier B,Selesai,6 November 2025,10 November 2025
499,Tipe A,165000,125000,125000,0,40000,Transfer,Supplier E,Selesai,7 November 2025,10 November 2025
500,Tipe A,165000,125000,125000,0,40000,Transfer,Supplier E,Selesai,7 November 2025,10 November 2025
501,Tipe A,160000,145000,145000,0,15000,Transfer,Supplier A,Selesai,9 November 2025,10 November 2025
502,Tipe A,160000,145000,145000,0,15000,Transfer,Supplier A,Selesai,9 November 2025,10 November 2025
503,Tipe A,160000,145000,145000,0,15000,Transfer,Supplier A,Selesai,9 November 2025,10 November 2025
504,Tipe A,160000,125000,125000,0,35000,Transfer,Supplier E,Selesai,10 November 2025,11 November 2025
505,Tipe A,160000,125000,125000,0,35000,Transfer,Supplier E,Selesai,10 November 2025,11 November 2025
506,Tipe A,160000,125000,125000,0,35000,Transfer,Supplier E,Selesai,10 November 2025,11 November 2025
507,Tipe A,160000,130000,130000,0,30000,Transfer,Supplier B,Selesai,10 November 2025,11 November 2025
508,Tipe A,160000,155000,155000,0,5000,Transfer,Supplier E,Selesai,11 November 2025,11 November 2025
509,Tipe A,160000,145000,145000,0,15000,Transfer,Supplier A,Selesai,11 November 2025,11 November 2025
510,Tipe A,160000,145000,145000,0,15000,Transfer,Supplier A,Selesai,11 November 2025,11 November 2025
511,Tipe A,160000,125000,125000,0,35000,Transfer,Supplier E,Selesai,12 November 2025,13 November 2025
512,Tipe A,160000,150000,150000,0,10000,Transfer,Supplier E,Selesai,12 November 2025,13 November 2025
513,Tipe A,160000,130000,130000,0,30000,Transfer,Supplier B,Selesai,13 November 2025,17 November 2025
514,Tipe A,160000,125000,125000,0,35000,Transfer,Supplier E,Selesai,13 November 2025,17 November 2025
515,Tipe A,160000,140000,140000,0,20000,Transfer,Supplier A,Selesai,13 November 2025,20 November 2025
516,Tipe A,160000,120000,120000,0,40000,Transfer,Supplier A,Selesai,14 November 2025,17 November 2025
517,Tipe A,160000,120000,120000,0,40000,Transfer,Supplier A,Selesai,14 November 2025,17 November 2025
518,Tipe A,160000,150000,150000,0,10000,Transfer,Supplier E,Selesai,14 November 2025,17 November 2025
519,Tipe A,160000,150000,150000,0,10000,Transfer,Supplier E,Selesai,14 November 2025,17 November 2025
520,Tipe A,160000,150000,150000,0,10000,Transfer,Supplier E,Selesai,14 November 2025,17 November 2025
521,Tipe A,160000,150000,150000,0,10000,Transfer,Supplier E,Selesai,14 November 2025,17 November 2025
522,Tipe A,160000,135000,135000,0,25000,Transfer,Supplier B,Selesai,15 November 2025,17 November 2025
523,Tipe A,155000,135000,135000,0,20000,Transfer,Supplier B,Selesai,15 November 2025,17 November 2025
524,Tipe A,155000,135000,135000,0,20000,Transfer,Supplier B,Selesai,16 November 2025,17 November 2025
525,Tipe A,160000,150000,150000,0,10000,Transfer,Supplier E,Selesai,16 November 2025,17 November 2025
526,Tipe A,160000,150000,150000,0,10000,Transfer,Supplier E,Selesai,16 November 2025,17 November 2025
527,Tipe A,160000,150000,150000,0,10000,Transfer,Supplier E,Selesai,16 November 2025,17 November 2025
528,Tipe A,160000,150000,150000,0,10000,Transfer,Supplier E,Selesai,16 November 2025,17 November 2025
529,Tipe A,160000,150000,150000,0,10000,Transfer,Supplier E,Selesai,16 November 2025,17 November 2025
530,Tipe A,160000,125000,125000,0,35000,Transfer,Supplier E,Selesai,17 November 2025,17 November 2025
531,Tipe A,160000,125000,125000,0,35000,Transfer,Supplier E,Selesai,17 November 2025,17 November 2025
532,Tipe A,160000,150000,150000,0,10000,Transfer,Supplier E,Selesai,17 November 2025,17 November 2025
533,Tipe A,155000,140000,140000,0,15000,Transfer,Supplier A,Selesai,18 November 2025,18 November 2025
534,Tipe A,155000,140000,140000,0,15000,Transfer,Supplier A,Selesai,18 November 2025,18 November 2025
535,Tipe A,155000,140000,140000,0,15000,Transfer,Supplier A,Selesai,18 November 2025,18 November 2025
536,Tipe A,155000,135000,135000,0,20000,Transfer,Supplier B,Selesai,18 November 2025,18 November 2025
537,Tipe A,155000,135000,135000,0,20000,Transfer,Supplier B,Selesai,18 November 2025,18 November 2025
538,Tipe A,155000,135000,135000,0,20000,Transfer,Supplier B,Selesai,18 November 2025,18 November 2025
539,Tipe A,175000,150000,150000,0,25000,Transfer,Supplier E,Selesai,18 November 2025,18 November 2025
540,Tipe A,175000,150000,150000,0,25000,Transfer,Supplier E,Selesai,18 November 2025,18 November 2025
541,Tipe A,155000,130000,130000,0,25000,Transfer,Supplier B,Selesai,19 November 2025,20 November 2025
542,Tipe A,155000,130000,130000,0,25000,Transfer,Supplier B,Selesai,19 November 2025,20 November 2025
543,Tipe A,155000,130000,130000,0,25000,Transfer,Supplier B,Selesai,19 November 2025,20 November 2025
544,Tipe A,175000,150000,150000,0,25000,Transfer,Supplier E,Selesai,20 November 2025,20 November 2025
545,Tipe A,175000,150000,150000,0,25000,Transfer,Supplier E,Selesai,20 November 2025,20 November 2025
546,Tipe A,155000,135000,135000,0,20000,Transfer,Supplier A,Selesai,20 November 2025,21 November 2025
547,Tipe A,155000,135000,135000,0,20000,Transfer,Supplier A,Selesai,20 November 2025,21 November 2025
548,Tipe A,155000,135000,135000,0,20000,Transfer,Supplier A,Selesai,20 November 2025,16 Desember 2025
549,Tipe A,155000,135000,135000,0,20000,Transfer,Supplier A,Selesai,20 November 2025,21 November 2025
550,Tipe A,155000,135000,135000,0,20000,Transfer,Supplier A,Selesai,21 November 2025,21 November 2025
551,Tipe A,155000,135000,135000,0,20000,Transfer,Supplier A,Selesai,21 November 2025,21 November 2025
552,Tipe A,155000,135000,135000,0,20000,Transfer,Supplier A,Selesai,21 November 2025,21 November 2025
553,Tipe A,185000,135000,135000,0,50000,Transfer,Supplier A,Selesai,21 November 2025,21 November 2025
554,Tipe A,155000,130000,130000,0,25000,Transfer,Supplier B,Selesai,20 November 2025,21 November 2025
555,Tipe A,155000,135000,135000,0,20000,Transfer,Supplier A,Selesai,21 November 2025,22 November 2025
556,Tipe A,175000,150000,150000,0,25000,Transfer,Supplier E,Selesai,21 November 2025,22 November 2025
557,Tipe A,175000,150000,150000,0,25000,Transfer,Supplier E,Selesai,21 November 2025,22 November 2025
558,Tipe A,155000,130000,130000,0,25000,Transfer,Supplier B,Selesai,21 November 2025,22 November 2025
559,Tipe A,155000,135000,135000,0,20000,Transfer,Supplier A,Selesai,22 November 2025,23 November 2025
560,Tipe A,155000,135000,135000,0,20000,Transfer,Supplier A,Selesai,22 November 2025,23 November 2025
561,Tipe A,155000,135000,135000,0,20000,Transfer,Supplier A,Selesai,22 November 2025,23 November 2025
562,Tipe A,155000,135000,135000,0,20000,Transfer,Supplier A,Selesai,22 November 2025,23 November 2025
563,Tipe A,155000,135000,135000,0,20000,Transfer,Supplier A,Selesai,22 November 2025,23 November 2025
564,Tipe A,155000,135000,135000,0,20000,Transfer,Supplier A,Selesai,22 November 2025,23 November 2025
565,Tipe A,175000,150000,150000,0,25000,Transfer,Supplier E,Selesai,22 November 2025,23 November 2025
566,Tipe A,175000,150000,150000,0,25000,Transfer,Supplier E,Selesai,23 November 2025,23 November 2025
567,Tipe A,154000,135000,135000,0,19000,Transfer,Supplier A,Selesai,23 November 2025,23 November 2025
568,Tipe A,300000,135000,135000,0,165000,Transfer,Supplier A,Selesai,23 November 2025,23 November 2025
569,Tipe A,155000,130000,130000,0,25000,Transfer,Supplier B,Selesai,23 November 2025,23 November 2025
570,Tipe A,155000,130000,130000,0,25000,Transfer,Supplier B,Selesai,23 November 2025,23 November 2025
571,Tipe A,155000,130000,130000,0,25000,Transfer,Supplier B,Selesai,23 November 2025,23 November 2025
572,Tipe A,175000,150000,150000,0,25000,Transfer,Supplier Lainnya,Selesai,23 November 2025,23 November 2025
573,Tipe A,175000,150000,150000,0,25000,Transfer,Supplier E,Selesai,24 November 2025,24 November 2025
574,Tipe A,155000,130000,130000,0,25000,Transfer,Supplier A,Selesai,24 November 2025,24 November 2025
575,Tipe A,155000,130000,130000,0,25000,Transfer,Supplier A,Selesai,24 November 2025,25 November 2025
576,Tipe A,155000,130000,130000,0,25000,Transfer,Supplier A,Selesai,24 November 2025,24 November 2025
577,Tipe A,155000,130000,130000,0,25000,Transfer,Supplier A,Selesai,24 November 2025,24 November 2025
578,Tipe A,200000,130000,130000,0,70000,Transfer,Supplier A,Selesai,24 November 2025,24 November 2025
579,Tipe A,155000,130000,130000,0,25000,Transfer,Supplier A,Selesai,24 November 2025,24 November 2025
580,Tipe A,155000,130000,130000,0,25000,Transfer,Supplier A,Selesai,24 November 2025,24 November 2025
581,Tipe A,155000,130000,130000,0,25000,Transfer,Supplier B,Selesai,24 November 2025,24 November 2025
582,Tipe A,155000,130000,130000,0,25000,Transfer,Supplier A,Selesai,24 November 2025,24 November 2025
583,Tipe A,155000,130000,130000,0,25000,Transfer,Supplier B,Selesai,24 November 2025,16 Desember 2025
584,Tipe A,175000,150000,150000,0,25000,Transfer,Supplier E,Selesai,25 November 2025,25 November 2025
585,Tipe A,175000,130000,130000,0,45000,Transfer,Supplier A,Selesai,25 November 2025,27 November 2025
586,Tipe A,155000,130000,130000,0,25000,Transfer,Supplier A,Selesai,25 November 2025,27 November 2025
587,Tipe A,155000,130000,130000,0,25000,Transfer,Supplier A,Selesai,25 November 2025,27 November 2025
588,Tipe A,175000,150000,150000,0,25000,Transfer,Supplier E,Selesai,25 November 2025,27 November 2025
589,Tipe A,175000,150000,150000,0,25000,Transfer,Supplier E,Selesai,25 November 2025,27 November 2025
590,Tipe A,155000,130000,130000,0,25000,Transfer,Supplier A,Selesai,26 November 2025,27 November 2025
591,Tipe A,155000,130000,130000,0,25000,Transfer,Supplier A,Selesai,26 November 2025,27 November 2025
592,Tipe A,155000,130000,130000,0,25000,Transfer,Supplier A,Selesai,26 November 2025,27 November 2025
593,Tipe A,175000,125000,125000,0,50000,Transfer,Supplier Lainnya,Selesai,7 Desember 2025,8 Desember 2025
594,Tipe A,155000,125000,125000,0,30000,Transfer,Supplier A,Selesai,7 Desember 2025,8 Desember 2025
595,Tipe A,300000,125000,125000,0,175000,Transfer,Supplier A,Selesai,7 Desember 2025,8 Desember 2025
596,Tipe A,155000,125000,125000,0,30000,Transfer,Supplier A,Selesai,7 Desember 2025,8 Desember 2025
597,Tipe A,155000,125000,125000,0,30000,Transfer,Supplier A,Selesai,7 Desember 2025,8 Desember 2025
598,Tipe A,155000,125000,125000,0,30000,Transfer,Supplier A,Selesai,7 Desember 2025,8 Desember 2025
599,Tipe A,155000,120000,120000,0,35000,Transfer,Supplier B,Selesai,6 Desember 2025,8 Desember 2025
600,Tipe A,155000,120000,120000,0,35000,Transfer,Supplier B,Selesai,6 Desember 2025,8 Desember 2025
601,Tipe A,155000,120000,120000,0,35000,Transfer,Supplier B,Selesai,6 Desember 2025,8 Desember 2025
602,Tipe A,175000,125000,125000,0,50000,Transfer,Supplier A,Selesai,5 Desember 2025,8 Desember 2025
603,Tipe A,155000,125000,125000,0,30000,Transfer,Supplier A,Selesai,5 Desember 2025,8 Desember 2025
604,Tipe A,145000,120000,120000,0,25000,Transfer,Supplier B,Selesai,4 Desember 2025,8 Desember 2025
605,Tipe A,155000,120000,120000,0,35000,Transfer,Supplier B,Selesai,4 Desember 2025,8 Desember 2025
606,Tipe A,155000,120000,120000,0,35000,Transfer,Supplier B,Selesai,4 Desember 2025,8 Desember 2025
607,Tipe A,155000,120000,120000,0,35000,Transfer,Supplier B,Selesai,4 Desember 2025,8 Desember 2025
608,Tipe A,155000,125000,125000,0,30000,Transfer,Supplier A,Selesai,3 Desember 2025,8 Desember 2025
609,Tipe A,155000,125000,125000,0,30000,Transfer,Supplier A,Selesai,3 Desember 2025,8 Desember 2025
610,Tipe A,155000,125000,125000,0,30000,Transfer,Supplier A,Selesai,3 Desember 2025,8 Desember 2025
611,Tipe A,155000,125000,125000,0,30000,Transfer,Supplier A,Selesai,3 Desember 2025,8 Desember 2025
612,Tipe A,155000,125000,125000,0,30000,Transfer,Supplier A,Selesai,2 Desember 2025,8 Desember 2025
613,Tipe A,155000,125000,125000,0,30000,Transfer,Supplier A,Selesai,2 Desember 2025,8 Desember 2025
614,Tipe A,155000,125000,125000,0,30000,Transfer,Supplier A,Selesai,2 Desember 2025,8 Desember 2025
615,Tipe A,155000,120000,120000,0,35000,Transfer,Supplier B,Selesai,2 Desember 2025,8 Desember 2025
616,Tipe A,155000,120000,120000,0,35000,Transfer,Supplier B,Selesai,2 Desember 2025,8 Desember 2025
617,Tipe A,155000,120000,120000,0,35000,Transfer,Supplier B,Selesai,2 Desember 2025,8 Desember 2025
618,Tipe A,155000,120000,120000,0,35000,Transfer,Supplier B,Selesai,2 Desember 2025,8 Desember 2025
619,Tipe A,155000,125000,125000,0,30000,Transfer,Supplier A,Selesai,1 Desember 2025,8 Desember 2025
620,Tipe A,155000,125000,125000,0,30000,Transfer,Supplier A,Selesai,1 Desember 2025,8 Desember 2025
621,Tipe A,155000,125000,125000,0,30000,Transfer,Supplier A,Selesai,1 Desember 2025,8 Desember 2025
622,Tipe A,175000,150000,150000,0,25000,Transfer,Supplier Lainnya,Selesai,29 November 2025,8 Desember 2025
623,Tipe A,175000,150000,150000,0,25000,Transfer,Supplier Lainnya,Selesai,29 November 2025,8 Desember 2025
624,Tipe A,155000,130000,130000,0,25000,Transfer,Supplier B,Selesai,30 November 2025,8 Desember 2025
625,Tipe A,155000,130000,130000,0,25000,Transfer,Supplier B,Selesai,30 November 2025,8 Desember 2025
626,Tipe A,155000,130000,130000,0,25000,Transfer,Supplier B,Selesai,30 November 2025,8 Desember 2025
627,Tipe A,155000,130000,130000,0,25000,Transfer,Supplier B,Selesai,30 November 2025,8 Desember 2025
628,Tipe A,155000,130000,130000,0,25000,Transfer,Supplier A,Selesai,29 November 2025,8 Desember 2025
629,Tipe A,155000,130000,130000,0,25000,Transfer,Supplier A,Selesai,29 November 2025,8 Desember 2025
630,Tipe A,155000,130000,130000,0,25000,Transfer,Supplier A,Selesai,29 November 2025,8 Desember 2025
631,Tipe A,155000,130000,130000,0,25000,Transfer,Supplier A,Selesai,28 November 2025,8 Desember 2025
632,Tipe A,155000,130000,130000,0,25000,Transfer,Supplier A,Selesai,28 November 2025,8 Desember 2025
633,Tipe A,175000,130000,130000,0,45000,Transfer,Supplier B,Selesai,27 November 2025,8 Desember 2025
634,Tipe A,155000,130000,130000,0,25000,Transfer,Supplier A,Selesai,27 November 2025,8 Desember 2025
635,Tipe A,155000,130000,130000,0,25000,Transfer,Supplier A,Selesai,27 November 2025,16 Desember 2025
636,Tipe A,155000,130000,130000,0,25000,Transfer,Supplier A,Selesai,27 November 2025,16 Desember 2025
637,Tipe A,155000,130000,130000,0,25000,Transfer,Supplier A,Selesai,27 November 2025,16 Desember 2025
638,Tipe A,155000,130000,130000,0,25000,Transfer,Supplier A,Selesai,27 November 2025,16 Desember 2025
639,Tipe A,155000,120000,120000,0,35000,Transfer,Supplier B,Selesai,8 Desember 2025,16 Desember 2025
640,Tipe A,175000,120000,120000,0,55000,Transfer,Supplier B,Selesai,8 Desember 2025,16 Desember 2025
641,Tipe A,155000,120000,120000,0,35000,Transfer,Supplier B,Selesai,8 Desember 2025,16 Desember 2025
642,Tipe A,155000,120000,120000,0,35000,Transfer,Supplier B,Selesai,8 Desember 2025,16 Desember 2025
643,Tipe A,155000,125000,125000,0,30000,Transfer,Supplier A,Selesai,9 Desember 2025,16 Desember 2025
644,Tipe A,155000,125000,125000,0,30000,Transfer,Supplier A,Selesai,9 Desember 2025,16 Desember 2025
645,Tipe A,155000,125000,125000,0,30000,Transfer,Supplier A,Selesai,9 Desember 2025,16 Desember 2025
646,Tipe A,155000,125000,125000,0,30000,Transfer,Supplier A,Selesai,9 Desember 2025,16 Desember 2025
647,Tipe A,155000,120000,120000,0,35000,Transfer,Supplier B,Selesai,9 Desember 2025,16 Desember 2025
648,Tipe A,155000,120000,120000,0,35000,Transfer,Supplier B,Selesai,9 Desember 2025,16 Desember 2025
649,Tipe A,155000,120000,120000,0,35000,Transfer,Supplier B,Selesai,10 Desember 2025,16 Desember 2025
650,Tipe A,155000,120000,120000,0,35000,Transfer,Supplier A,Selesai,11 Desember 2025,17 Desember 2025
651,Tipe A,155000,125000,125000,0,30000,Transfer,Supplier A,Selesai,11 Desember 2025,16 Desember 2025
652,Tipe A,155000,125000,125000,0,30000,Transfer,Supplier A,Selesai,11 Desember 2025,16 Desember 2025
653,Tipe A,155000,125000,125000,0,30000,Transfer,Supplier A,Selesai,11 Desember 2025,18 Desember 2025
654,Tipe A,150000,120000,120000,0,30000,Transfer,Supplier B,Selesai,12 Desember 2025,16 Desember 2025
655,Tipe A,155000,120000,120000,0,35000,Transfer,Supplier B,Selesai,12 Desember 2025,16 Desember 2025
656,Tipe A,155000,120000,120000,0,35000,Transfer,Supplier B,Selesai,12 Desember 2025,16 Desember 2025
657,Tipe A,150000,125000,125000,0,25000,Transfer,Supplier A,Selesai,12 Desember 2025,16 Desember 2025
658,Tipe A,155000,125000,125000,0,30000,Transfer,Supplier A,Selesai,12 Desember 2025,16 Desember 2025
659,Tipe A,155000,125000,125000,0,30000,Transfer,Supplier A,Selesai,12 Desember 2025,17 Desember 2025
660,Tipe A,250000,125000,125000,0,125000,Transfer,Supplier A,Selesai,12 Desember 2025,16 Desember 2025
661,Tipe A,155000,125000,125000,0,30000,Transfer,Supplier A,Selesai,12 Desember 2025,16 Desember 2025
662,Tipe A,155000,125000,125000,0,30000,Transfer,Supplier A,Selesai,14 Desember 2025,16 Desember 2025
663,Tipe A,155000,125000,125000,0,30000,Transfer,Supplier A,Selesai,14 Desember 2025,16 Desember 2025
664,Tipe A,155000,125000,125000,0,30000,Transfer,Supplier A,Selesai,14 Desember 2025,16 Desember 2025
665,Tipe A,155000,120000,120000,0,35000,Transfer,Supplier B,Selesai,15 Desember 2025,16 Desember 2025
666,Tipe A,155000,120000,120000,0,35000,Transfer,Supplier B,Selesai,15 Desember 2025,16 Desember 2025
667,Tipe A,155000,120000,120000,0,35000,Transfer,Supplier B,Selesai,15 Desember 2025,18 Desember 2025
668,Tipe A,155000,120000,120000,0,35000,Transfer,Supplier B,Selesai,15 Desember 2025,16 Desember 2025
669,Tipe A,155000,120000,120000,0,35000,Transfer,Supplier B,Selesai,15 Desember 2025,16 Desember 2025
670,Tipe A,175000,120000,120000,0,55000,Transfer,Supplier E,Selesai,15 Desember 2025,16 Desember 2025
671,Tipe A,155000,125000,125000,0,30000,Transfer,Supplier A,Selesai,16 Desember 2025,16 Desember 2025
672,Tipe A,155000,125000,125000,0,30000,Transfer,Supplier A,Selesai,16 Desember 2025,16 Desember 2025
673,Tipe A,155000,125000,125000,0,30000,Transfer,Supplier A,Selesai,16 Desember 2025,16 Desember 2025
674,Tipe A,155000,125000,125000,0,30000,Transfer,Supplier A,Selesai,16 Desember 2025,16 Desember 2025
675,Tipe A,155000,120000,120000,0,35000,Transfer,Supplier B,Selesai,17 Desember 2025,18 Desember 2025
676,Tipe A,155000,120000,120000,0,35000,Transfer,Supplier B,Selesai,17 Desember 2025,18 Desember 2025
677,Tipe A,155000,120000,120000,0,35000,Transfer,Supplier B,Selesai,17 Desember 2025,17 Desember 2025
678,Tipe A,150000,120000,120000,0,30000,Transfer,Supplier B,Selesai,17 Desember 2025,17 Desember 2025
679,Tipe A,150000,120000,120000,0,30000,Transfer,Supplier B,Selesai,17 Desember 2025,17 Desember 2025
680,Tipe A,150000,120000,120000,0,30000,Transfer,Supplier B,Selesai,17 Desember 2025,17 Desember 2025
681,Tipe A,150000,120000,120000,0,30000,Transfer,Supplier B,Selesai,17 Desember 2025,17 Desember 2025
682,Tipe A,150000,125000,125000,0,25000,Transfer,Supplier A,Selesai,17 Desember 2025,17 Desember 2025
683,Tipe A,175000,125000,125000,0,50000,Transfer,Supplier A,Selesai,17 Desember 2025,17 Desember 2025
684,Tipe A,150000,125000,125000,0,25000,Transfer,Supplier A,Selesai,17 Desember 2025,17 Desember 2025
685,Tipe A,150000,125000,125000,0,25000,Transfer,Supplier A,Selesai,17 Desember 2025,17 Desember 2025
686,Tipe A,175000,150000,150000,0,25000,Transfer,Supplier E,Selesai,17 Desember 2025,17 Desember 2025
687,Tipe A,150000,120000,120000,0,30000,Transfer,Supplier E,Selesai,18 Desember 2025,18 Desember 2025
688,Tipe A,150000,150000,150000,0,0,Transfer,Supplier E,Selesai,18 Desember 2025,18 Desember 2025
689,Tipe A,150000,125000,125000,0,25000,Transfer,Supplier A,Selesai,18 Desember 2025,18 Desember 2025
690,Tipe A,175000,150000,150000,0,25000,Transfer,Supplier E,Selesai,18 Desember 2025,18 Desember 2025
691,Tipe A,155000,120000,120000,0,35000,Transfer,Supplier B,Selesai,18 Desember 2025,19 Desember 2025
692,Tipe A,150000,120000,120000,0,30000,Transfer,Supplier B,Selesai,18 Desember 2025,19 Desember 2025
693,Tipe A,150000,120000,120000,0,30000,Transfer,Supplier B,Selesai,18 Desember 2025,19 Desember 2025
694,Tipe A,150000,120000,120000,0,30000,Transfer,Supplier B,Selesai,18 Desember 2025,19 Desember 2025
695,Tipe A,150000,120000,120000,0,30000,Transfer,Supplier B,Selesai,18 Desember 2025,19 Desember 2025
696,Tipe A,170000,150000,150000,0,20000,Transfer,Supplier E,Selesai,19 Desember 2025,19 Desember 2025
697,Tipe A,150000,125000,125000,0,25000,Transfer,Supplier A,Selesai,19 Desember 2025,21 Desember 2025
698,Tipe A,150000,125000,125000,0,25000,Transfer,Supplier A,Selesai,19 Desember 2025,21 Desember 2025
699,Tipe A,150000,125000,125000,0,25000,Transfer,Supplier A,Selesai,19 Desember 2025,21 Desember 2025
700,Tipe A,150000,125000,125000,0,25000,Transfer,Supplier A,Selesai,19 Desember 2025,21 Desember 2025
701,Tipe A,150000,125000,125000,0,25000,Transfer,Supplier A,Selesai,19 Desember 2025,21 Desember 2025
702,Tipe A,150000,125000,125000,0,25000,Transfer,Supplier A,Selesai,19 Desember 2025,21 Desember 2025
703,Tipe A,150000,125000,125000,0,25000,Transfer,Supplier A,Selesai,19 Desember 2025,21 Desember 2025
704,Tipe A,150000,120000,120000,0,30000,Transfer,Supplier B,Selesai,19 Desember 2025,21 Desember 2025
705,Tipe A,150000,125000,125000,0,25000,Transfer,Supplier B,Selesai,19 Desember 2025,21 Desember 2025
706,Tipe A,150000,120000,120000,0,30000,Transfer,Supplier B,Selesai,19 Desember 2025,21 Desember 2025
707,Tipe A,150000,120000,120000,0,30000,Transfer,Supplier B,Selesai,19 Desember 2025,21 Desember 2025
708,Tipe A,150000,120000,120000,0,30000,Transfer,Supplier B,Selesai,19 Desember 2025,21 Desember 2025
709,Tipe A,150000,120000,120000,0,30000,Transfer,Supplier B,Selesai,19 Desember 2025,21 Desember 2025
710,Tipe A,170000,125000,125000,0,45000,Transfer,Supplier A,Selesai,19 Desember 2025,21 Desember 2025
711,Tipe A,150000,125000,125000,0,25000,Transfer,Supplier A,Selesai,19 Desember 2025,22 Desember 2025
712,Tipe A,150000,125000,125000,0,25000,Transfer,Supplier A,Selesai,19 Desember 2025,22 Desember 2025
713,Tipe A,150000,125000,125000,0,25000,Transfer,Supplier A,Selesai,19 Desember 2025,21 Desember 2025
714,Tipe A,150000,120000,120000,0,30000,Transfer,Supplier B,Selesai,20 Desember 2025,21 Desember 2025
715,Tipe A,150000,120000,120000,0,30000,Transfer,Supplier B,Selesai,20 Desember 2025,21 Desember 2025
716,Tipe A,150000,120000,120000,0,30000,Transfer,Supplier B,Selesai,20 Desember 2025,21 Desember 2025
717,Tipe A,150000,120000,120000,0,30000,Transfer,Supplier B,Selesai,20 Desember 2025,21 Desember 2025
718,Tipe A,150000,120000,120000,0,30000,Transfer,Supplier B,Selesai,20 Desember 2025,21 Desember 2025
719,Tipe A,150000,120000,120000,0,30000,Transfer,Supplier B,Selesai,20 Desember 2025,21 Desember 2025
720,Tipe A,150000,120000,120000,0,30000,Transfer,Supplier B,Selesai,20 Desember 2025,22 Desember 2025
721,Tipe A,150000,120000,120000,0,30000,Transfer,Supplier B,Selesai,20 Desember 2025,22 Desember 2025
722,Tipe A,150000,120000,120000,0,30000,Transfer,Supplier B,Selesai,20 Desember 2025,22 Desember 2025
723,Tipe A,170000,150000,150000,0,20000,Transfer,Supplier E,Selesai,22 Desember 2025,22 Desember 2025
724,Tipe A,150000,125000,125000,0,25000,Transfer,Supplier A,Selesai,21 Desember 2025,22 Desember 2025
725,Tipe A,150000,125000,125000,0,25000,Transfer,Supplier A,Selesai,21 Desember 2025,22 Desember 2025
726,Tipe A,150000,125000,125000,0,25000,Transfer,Supplier A,Selesai,21 Desember 2025,22 Desember 2025
727,Tipe A,150000,125000,125000,0,25000,Transfer,Supplier A,Selesai,21 Desember 2025,22 Desember 2025
728,Tipe A,150000,125000,125000,0,25000,Transfer,Supplier A,Selesai,21 Desember 2025,22 Desember 2025
729,Tipe A,150000,125000,125000,0,25000,Transfer,Supplier A,Selesai,21 Desember 2025,22 Desember 2025
730,Tipe A,150000,125000,125000,0,25000,Transfer,Supplier A,Selesai,21 Desember 2025,22 Desember 2025
731,Tipe A,150000,125000,125000,0,25000,Transfer,Supplier A,Selesai,21 Desember 2025,22 Desember 2025
732,Tipe A,150000,120000,120000,0,30000,Transfer,Supplier B,Selesai,21 Desember 2025,22 Desember 2025
733,Tipe A,150000,120000,120000,0,30000,Transfer,Supplier B,Selesai,21 Desember 2025,22 Desember 2025
734,Tipe A,150000,120000,120000,0,30000,Transfer,Supplier B,Selesai,21 Desember 2025,22 Desember 2025
735,Tipe A,150000,120000,120000,0,30000,Transfer,Supplier B,Selesai,21 Desember 2025,22 Desember 2025
736,Tipe A,145000,120000,120000,0,25000,Transfer,Supplier B,Selesai,22 Desember 2025,23 Desember 2025
737,Tipe A,145000,120000,120000,0,25000,Transfer,Supplier B,Selesai,22 Desember 2025,23 Desember 2025
738,Tipe A,150000,120000,120000,0,30000,Transfer,Supplier B,Selesai,22 Desember 2025,23 Desember 2025
739,Tipe A,150000,120000,120000,0,30000,Transfer,Supplier B,Selesai,22 Desember 2025,23 Desember 2025
740,Tipe A,150000,120000,120000,0,30000,Transfer,Supplier B,Selesai,22 Desember 2025,23 Desember 2025
741,Tipe A,150000,120000,120000,0,30000,Transfer,Supplier B,Selesai,22 Desember 2025,23 Desember 2025
742,Tipe A,150000,125000,125000,0,25000,Transfer,Supplier A,Selesai,23 Desember 2025,23 Desember 2025
743,Tipe A,150000,125000,125000,0,25000,Transfer,Supplier A,Selesai,23 Desember 2025,23 Desember 2025
744,Tipe A,150000,125000,125000,0,25000,Transfer,Supplier A,Selesai,23 Desember 2025,23 Desember 2025
745,Tipe A,150000,120000,120000,0,30000,Transfer,Supplier B,Selesai,23 Desember 2025,23 Desember 2025
746,Tipe A,150000,120000,120000,0,30000,Transfer,Supplier B,Selesai,23 Desember 2025,23 Desember 2025
747,Tipe A,150000,120000,120000,0,30000,Transfer,Supplier B,Selesai,23 Desember 2025,23 Desember 2025
748,Tipe A,150000,120000,120000,0,30000,Transfer,Supplier B,Selesai,23 Desember 2025,29 Desember 2025
749,Tipe A,150000,120000,120000,0,30000,Transfer,Supplier B,Selesai,23 Desember 2025,29 Desember 2025
750,Tipe A,150000,120000,120000,0,30000,Transfer,Supplier B,Selesai,23 Desember 2025,23 Desember 2025
751,Tipe A,150000,120000,120000,0,30000,Transfer,Supplier B,Selesai,23 Desember 2025,23 Desember 2025
752,Tipe A,150000,120000,120000,0,30000,Transfer,Supplier B,Selesai,23 Desember 2025,29 Desember 2025
753,Tipe A,150000,125000,125000,0,25000,Transfer,Supplier A,Selesai,24 Desember 2025,29 Desember 2025
754,Tipe A,150000,125000,125000,0,25000,Transfer,Supplier A,Selesai,24 Desember 2025,29 Desember 2025
755,Tipe A,150000,125000,125000,0,25000,Transfer,Supplier A,Selesai,24 Desember 2025,29 Desember 2025
756,Tipe A,150000,120000,120000,0,30000,Transfer,Supplier B,Selesai,24 Desember 2025,29 Desember 2025
757,Tipe A,150000,120000,120000,0,30000,Transfer,Supplier B,Selesai,24 Desember 2025,29 Desember 2025
758,Tipe A,150000,120000,120000,0,30000,Transfer,Supplier B,Selesai,24 Desember 2025,29 Desember 2025
759,Tipe A,150000,120000,120000,0,30000,Transfer,Supplier B,Selesai,24 Desember 2025,29 Desember 2025
760,Tipe A,150000,120000,120000,0,30000,Transfer,Supplier B,Selesai,24 Desember 2025,29 Desember 2025
761,Tipe A,150000,120000,120000,0,30000,Transfer,Supplier B,Selesai,24 Desember 2025,29 Desember 2025
762,Tipe A,150000,120000,120000,0,30000,Transfer,Supplier B,Selesai,24 Desember 2025,29 Desember 2025
763,Tipe A,150000,120000,120000,0,30000,Transfer,Supplier B,Selesai,24 Desember 2025,29 Desember 2025
764,Tipe A,160000,160000,160000,0,0,Transfer,Supplier E,Selesai,24 Desember 2025,29 Desember 2025
765,Tipe A,175000,160000,160000,0,15000,Transfer,Supplier E,Selesai,24 Desember 2025,29 Desember 2025
766,Tipe A,180000,160000,160000,0,20000,Transfer,Supplier E,Selesai,28 Desember 2025,29 Desember 2025
767,Tipe A,150000,120000,120000,0,30000,Transfer,Supplier B,Selesai,25 Desember 2025,29 Desember 2025
768,Tipe A,150000,120000,120000,0,30000,Transfer,Supplier B,Selesai,25 Desember 2025,29 Desember 2025
769,Tipe A,150000,120000,120000,0,30000,Transfer,Supplier B,Selesai,25 Desember 2025,29 Desember 2025
770,Tipe A,150000,120000,120000,0,30000,Transfer,Supplier B,Selesai,25 Desember 2025,29 Desember 2025
771,Tipe A,150000,120000,120000,0,30000,Transfer,Supplier B,Selesai,25 Desember 2025,29 Desember 2025
772,Tipe A,150000,120000,120000,0,30000,Transfer,Supplier B,Selesai,25 Desember 2025,29 Desember 2025
773,Tipe A,150000,120000,120000,0,30000,Transfer,Supplier B,Selesai,25 Desember 2025,29 Desember 2025
774,Tipe A,150000,120000,120000,0,30000,Transfer,Supplier B,Selesai,25 Desember 2025,29 Desember 2025
775,Tipe A,150000,120000,120000,0,30000,Transfer,Supplier B,Selesai,25 Desember 2025,29 Desember 2025
776,Tipe A,150000,125000,125000,0,25000,Transfer,Supplier A,Selesai,26 Desember 2025,29 Desember 2025
777,Tipe A,150000,125000,125000,0,25000,Transfer,Supplier A,Selesai,26 Desember 2025,29 Desember 2025
778,Tipe A,150000,125000,125000,0,25000,Transfer,Supplier A,Selesai,26 Desember 2025,29 Desember 2025
779,Tipe A,150000,120000,120000,0,30000,Transfer,Supplier B,Selesai,26 Desember 2025,29 Desember 2025
780,Tipe A,150000,120000,120000,0,30000,Transfer,Supplier B,Selesai,26 Desember 2025,29 Desember 2025
781,Tipe A,150000,120000,120000,0,30000,Transfer,Supplier B,Selesai,26 Desember 2025,29 Desember 2025
782,Tipe A,160000,125000,125000,0,35000,Transfer,Supplier B,Selesai,27 Desember 2025,29 Desember 2025
783,Tipe A,160000,125000,125000,0,35000,Transfer,Supplier B,Selesai,27 Desember 2025,29 Desember 2025
784,Tipe A,155000,125000,125000,0,30000,Transfer,Supplier B,Selesai,27 Desember 2025,29 Desember 2025
785,Tipe A,150000,125000,125000,0,25000,Transfer,Supplier B,Selesai,27 Desember 2025,29 Desember 2025
786,Tipe A,160000,125000,125000,0,35000,Transfer,Supplier A,Selesai,28 Desember 2025,29 Desember 2025
787,Tipe A,160000,125000,125000,0,35000,Transfer,Supplier A,Selesai,28 Desember 2025,29 Desember 2025
788,Tipe A,160000,125000,125000,0,35000,Transfer,Supplier A,Selesai,28 Desember 2025,31 Desember 2025
789,Tipe A,160000,125000,125000,0,35000,Transfer,Supplier A,Selesai,28 Desember 2025,29 Desember 2025
790,Tipe A,160000,130000,130000,0,30000,Transfer,Supplier E,Selesai,28 Desember 2025,29 Desember 2025
791,Tipe A,159000,130000,130000,0,29000,Transfer,Supplier E,Selesai,28 Desember 2025,29 Desember 2025
792,Tipe A,180000,160000,160000,0,20000,Transfer,Supplier E,Selesai,28 Desember 2025,29 Desember 2025
793,Tipe A,160000,160000,160000,0,0,Transfer,Supplier E,Selesai,28 Desember 2025,29 Desember 2025
794,Tipe A,150000,130000,130000,0,20000,Transfer,Supplier E,Selesai,29 Desember 2025,29 Desember 2025
795,Tipe A,160000,130000,130000,0,30000,Transfer,Supplier E,Selesai,29 Desember 2025,29 Desember 2025
796,Tipe A,185000,160000,160000,0,25000,Transfer,Supplier E,Selesai,29 Desember 2025,29 Desember 2025
797,Tipe A,160000,130000,130000,0,30000,Transfer,Supplier B,Selesai,29 Desember 2025,29 Desember 2025
798,Tipe A,160000,130000,130000,0,30000,Transfer,Supplier E,Selesai,29 Desember 2025,29 Desember 2025
799,Tipe A,160000,130000,130000,0,30000,Transfer,Supplier E,Selesai,29 Desember 2025,29 Desember 2025
800,Tipe A,160000,130000,130000,0,30000,Transfer,Supplier E,Selesai,29 Desember 2025,29 Desember 2025
801,Tipe A,160000,125000,125000,0,35000,Transfer,Supplier A,Selesai,29 Desember 2025,29 Desember 2025
802,Tipe A,150000,125000,125000,0,25000,Transfer,Supplier A,Selesai,29 Desember 2025,29 Desember 2025
803,Tipe A,150000,125000,125000,0,25000,Transfer,Supplier A,Selesai,29 Desember 2025,29 Desember 2025
804,Tipe A,150000,125000,125000,0,25000,Transfer,Supplier A,Selesai,29 Desember 2025,29 Desember 2025
805,Tipe A,155000,125000,125000,0,30000,Transfer,Supplier A,Selesai,29 Desember 2025,2 Januari 2026
806,Tipe A,160000,125000,125000,0,35000,Transfer,Supplier A,Selesai,30 Desember 2025,31 Desember 2025
807,Tipe A,160000,125000,125000,0,35000,Transfer,Supplier A,Selesai,30 Desember 2025,31 Desember 2025
808,Tipe A,160000,125000,125000,0,35000,Transfer,Supplier A,Selesai,30 Desember 2025,31 Desember 2025
809,Tipe A,190000,130000,130000,0,60000,Transfer,Supplier E,Selesai,30 Desember 2025,31 Desember 2025
810,Tipe A,160000,130000,130000,0,30000,Transfer,Supplier E,Selesai,30 Desember 2025,31 Desember 2025
811,Tipe A,160000,130000,130000,0,30000,Transfer,Supplier E,Selesai,30 Desember 2025,31 Desember 2025
812,Tipe A,160000,125000,125000,0,35000,Transfer,Supplier B,Selesai,30 Desember 2025,31 Desember 2025
813,Tipe A,160000,125000,125000,0,35000,Transfer,Supplier A,Selesai,31 Desember 2025,1 Januari 2026
814,Tipe A,155000,125000,125000,0,30000,Transfer,Supplier A,Selesai,31 Desember 2025,1 Januari 2026
815,Tipe A,160000,120000,120000,0,40000,Transfer,Supplier B,Selesai,31 Desember 2025,1 Januari 2026
816,Tipe A,155000,120000,120000,0,35000,Transfer,Supplier B,Selesai,31 Desember 2025,1 Januari 2026
817,Tipe A,155000,120000,120000,0,35000,Transfer,Supplier B,Selesai,31 Desember 2025,1 Januari 2026
818,Tipe A,160000,130000,130000,0,30000,Transfer,Supplier E,Selesai,1 Januari 2026,1 Januari 2026
819,Tipe A,160000,130000,130000,0,30000,Transfer,Supplier E,Selesai,1 Januari 2026,1 Januari 2026
820,Tipe A,160000,130000,130000,0,30000,Transfer,Supplier E,Selesai,1 Januari 2026,1 Januari 2026
821,Tipe A,160000,120000,120000,0,40000,Transfer,Supplier B,Selesai,1 Januari 2026,1 Januari 2026
822,Tipe A,160000,120000,120000,0,40000,Transfer,Supplier B,Selesai,1 Januari 2026,1 Januari 2026
823,Tipe A,160000,120000,120000,0,40000,Transfer,Supplier B,Selesai,1 Januari 2026,1 Januari 2026
824,Tipe A,160000,120000,120000,0,40000,Transfer,Supplier B,Selesai,1 Januari 2026,1 Januari 2026
825,Tipe A,155000,120000,120000,0,35000,Transfer,Supplier B,Selesai,1 Januari 2026,2 Januari 2026
826,Tipe A,155000,120000,120000,0,35000,Transfer,Supplier B,Selesai,1 Januari 2026,2 Januari 2026
827,Tipe A,150000,120000,120000,0,30000,Transfer,Supplier B,Selesai,1 Januari 2026,2 Januari 2026
828,Tipe A,160000,120000,120000,0,40000,Transfer,Supplier B,Selesai,1 Januari 2026,2 Januari 2026
829,Tipe A,160000,130000,130000,0,30000,Transfer,Supplier Lainnya,Selesai,1 Januari 2026,2 Januari 2026
830,Tipe A,155000,130000,130000,0,25000,Transfer,Supplier E,Selesai,2 Januari 2026,2 Januari 2026
831,Tipe A,155000,130000,130000,0,25000,Transfer,Supplier E,Selesai,2 Januari 2026,2 Januari 2026
832,Tipe A,160000,130000,130000,0,30000,Transfer,Supplier E,Selesai,2 Januari 2026,2 Januari 2026
833,Tipe A,160000,125000,125000,0,35000,Transfer,Supplier A,Selesai,1 Januari 2026,4 Januari 2026
834,Tipe A,160000,125000,125000,0,35000,Transfer,Supplier A,Selesai,2 Januari 2026,4 Januari 2026
835,Tipe A,185000,125000,125000,0,60000,Transfer,Supplier A,Selesai,2 Januari 2026,4 Januari 2026
836,Tipe A,160000,125000,125000,0,35000,Transfer,Supplier A,Selesai,2 Januari 2026,4 Januari 2026
837,Tipe A,160000,125000,125000,0,35000,Transfer,Supplier A,Selesai,2 Januari 2026,4 Januari 2026
838,Tipe A,160000,125000,125000,0,35000,Transfer,Supplier A,Selesai,2 Januari 2026,4 Januari 2026
839,Tipe A,160000,120000,120000,0,40000,Transfer,Supplier B,Selesai,2 Januari 2026,4 Januari 2026
840,Tipe A,160000,120000,120000,0,40000,Transfer,Supplier B,Selesai,2 Januari 2026,4 Januari 2026
841,Tipe A,155000,120000,120000,0,35000,Transfer,Supplier B,Selesai,2 Januari 2026,4 Januari 2026
842,Tipe A,160000,120000,120000,0,40000,Transfer,Supplier B,Selesai,2 Januari 2026,4 Januari 2026
843,Tipe A,160000,120000,120000,0,40000,Transfer,Supplier B,Selesai,2 Januari 2026,4 Januari 2026
844,Tipe A,155000,125000,125000,0,30000,Transfer,Supplier A,Selesai,3 Januari 2026,4 Januari 2026
845,Tipe A,160000,125000,125000,0,35000,Transfer,Supplier A,Selesai,3 Januari 2026,4 Januari 2026
846,Tipe A,160000,125000,125000,0,35000,Transfer,Supplier A,Selesai,3 Januari 2026,4 Januari 2026
847,Tipe A,160000,120000,120000,0,40000,Transfer,Supplier B,Selesai,4 Januari 2026,4 Januari 2026
848,Tipe A,160000,120000,120000,0,40000,Transfer,Supplier B,Selesai,4 Januari 2026,4 Januari 2026
849,Tipe A,155000,120000,120000,0,35000,Transfer,Supplier B,Selesai,4 Januari 2026,4 Januari 2026
850,Tipe A,155000,120000,120000,0,35000,Transfer,Supplier A,Selesai,4 Januari 2026,5 Januari 2026
851,Tipe A,160000,120000,120000,0,40000,Transfer,Supplier A,Selesai,4 Januari 2026,5 Januari 2026
852,Tipe A,155000,120000,120000,0,35000,Transfer,Supplier A,Selesai,4 Januari 2026,5 Januari 2026
853,Tipe A,160000,120000,120000,0,40000,Transfer,Supplier A,Selesai,4 Januari 2026,5 Januari 2026
854,Tipe A,160000,120000,120000,0,40000,Transfer,Supplier A,Selesai,4 Januari 2026,7 Januari 2026
855,Tipe A,185000,130000,130000,0,55000,Transfer,Supplier E,Selesai,5 Januari 2026,5 Januari 2026
856,Tipe A,155000,120000,120000,0,35000,Transfer,Supplier B,Selesai,5 Januari 2026,8 Januari 2026
857,Tipe A,160000,120000,120000,0,40000,Transfer,Supplier B,Selesai,5 Januari 2026,7 Januari 2026
858,Tipe A,160000,120000,120000,0,40000,Transfer,Supplier B,Selesai,5 Januari 2026,7 Januari 2026
859,Tipe A,160000,120000,120000,0,40000,Transfer,Supplier B,Selesai,5 Januari 2026,7 Januari 2026
860,Tipe A,160000,120000,120000,0,40000,Transfer,Supplier B,Selesai,5 Januari 2026,7 Januari 2026
861,Tipe A,160000,120000,120000,0,40000,Transfer,Supplier A,Selesai,5 Januari 2026,7 Januari 2026
862,Tipe A,140000,100000,100000,0,40000,Transfer,Supplier E,Selesai,7 Januari 2026,8 Januari 2026
863,Tipe A,140000,100000,100000,0,40000,Transfer,Supplier E,Selesai,7 Januari 2026,8 Januari 2026
864,Tipe A,155000,120000,120000,0,35000,Transfer,Supplier E,Selesai,7 Januari 2026,8 Januari 2026
865,Tipe A,160000,120000,120000,0,40000,Transfer,Supplier A,Selesai,7 Januari 2026,8 Januari 2026
866,Tipe A,155000,120000,120000,0,35000,Transfer,Supplier A,Selesai,7 Januari 2026,8 Januari 2026
867,Tipe A,130000,80000,80000,0,50000,Transfer,Supplier A,Selesai,7 Januari 2026,8 Januari 2026
868,Tipe A,130000,80000,80000,0,50000,Transfer,Supplier A,Selesai,7 Januari 2026,8 Januari 2026
869,Tipe A,130000,80000,80000,0,50000,Transfer,Supplier A,Selesai,7 Januari 2026,8 Januari 2026
870,Tipe A,130000,80000,80000,0,50000,Transfer,Supplier A,Selesai,7 Januari 2026,8 Januari 2026
871,Tipe A,130000,80000,80000,0,50000,Transfer,Supplier A,Selesai,7 Januari 2026,8 Januari 2026
872,Tipe A,160000,120000,120000,0,40000,Transfer,Supplier A,Selesai,6 Januari 2026,8 Januari 2026
873,Tipe A,160000,120000,120000,0,40000,Transfer,Supplier A,Selesai,6 Januari 2026,8 Januari 2026
874,Tipe A,160000,120000,120000,0,40000,Transfer,Supplier A,Selesai,6 Januari 2026,8 Januari 2026
875,Tipe A,160000,120000,120000,0,40000,Transfer,Supplier B,Selesai,6 Januari 2026,8 Januari 2026
876,Tipe A,160000,120000,120000,0,40000,Transfer,Supplier B,Selesai,6 Januari 2026,8 Januari 2026
877,Tipe A,160000,120000,120000,0,40000,Transfer,Supplier B,Selesai,6 Januari 2026,8 Januari 2026
878,Tipe A,160000,120000,120000,0,40000,Transfer,Supplier B,Selesai,6 Januari 2026,8 Januari 2026
879,Tipe A,160000,120000,120000,0,40000,Transfer,Supplier B,Selesai,6 Januari 2026,8 Januari 2026
880,Tipe A,160000,120000,120000,0,40000,Transfer,Supplier B,Selesai,6 Januari 2026,8 Januari 2026
881,Tipe A,160000,120000,120000,0,40000,Transfer,Supplier A,Selesai,5 Januari 2026,8 Januari 2026
882,Tipe A,160000,120000,120000,0,40000,Transfer,Supplier A,Selesai,5 Januari 2026,8 Januari 2026
883,Tipe A,155000,120000,120000,0,35000,Transfer,Supplier A,Selesai,5 Januari 2026,8 Januari 2026
884,Tipe A,160000,120000,120000,0,40000,Transfer,Supplier A,Selesai,5 Januari 2026,8 Januari 2026
885,Tipe A,155000,120000,120000,0,35000,Transfer,Supplier A,Selesai,5 Januari 2026,8 Januari 2026
886,Tipe A,160000,120000,120000,0,40000,Transfer,Supplier A,Selesai,5 Januari 2026,8 Januari 2026
887,Tipe A,155000,120000,120000,0,35000,Transfer,Supplier B,Selesai,7 Januari 2026,9 Januari 2026
888,Tipe A,155000,120000,120000,0,35000,Transfer,Supplier B,Selesai,7 Januari 2026,9 Januari 2026
889,Tipe A,150000,120000,120000,0,30000,Transfer,Supplier B,Selesai,7 Januari 2026,9 Januari 2026
890,Tipe A,155000,120000,120000,0,35000,Transfer,Supplier B,Selesai,7 Januari 2026,9 Januari 2026
891,Tipe A,150000,120000,120000,0,30000,Transfer,Supplier B,Selesai,7 Januari 2026,9 Januari 2026
892,Tipe A,150000,120000,120000,0,30000,Transfer,Supplier B,Selesai,7 Januari 2026,9 Januari 2026
893,Tipe A,155000,120000,120000,0,35000,Transfer,Supplier A,Selesai,8 Januari 2026,9 Januari 2026
894,Tipe A,150000,120000,120000,0,30000,Transfer,Supplier A,Selesai,8 Januari 2026,9 Januari 2026
895,Tipe A,150000,120000,120000,0,30000,Transfer,Supplier A,Selesai,8 Januari 2026,9 Januari 2026
896,Tipe A,150000,120000,120000,0,30000,Transfer,Supplier A,Selesai,9 Januari 2026,9 Januari 2026
897,Tipe A,150000,120000,120000,0,30000,Transfer,Supplier A,Selesai,9 Januari 2026,9 Januari 2026
898,Tipe A,150000,120000,120000,0,30000,Transfer,Supplier A,Selesai,9 Januari 2026,9 Januari 2026
899,Tipe A,150000,120000,120000,0,30000,Transfer,Supplier A,Selesai,9 Januari 2026,9 Januari 2026
900,Tipe A,150000,120000,120000,0,30000,Transfer,Supplier A,Selesai,9 Januari 2026,9 Januari 2026
901,Tipe A,150000,120000,120000,0,30000,Transfer,Supplier A,Selesai,9 Januari 2026,9 Januari 2026
902,Tipe A,149000,120000,120000,0,29000,Transfer,Supplier A,Selesai,9 Januari 2026,9 Januari 2026
903,Tipe A,155000,120000,120000,0,35000,Transfer,Supplier B,Selesai,9 Januari 2026,21 Januari 2026
904,Tipe A,150000,120000,120000,0,30000,Transfer,Supplier B,Selesai,9 Januari 2026,9 Januari 2026
905,Tipe A,150000,120000,120000,0,30000,Transfer,Supplier A,Selesai,10 Januari 2026,11 Januari 2026
906,Tipe A,150000,120000,120000,0,30000,Transfer,Supplier A,Selesai,10 Januari 2026,11 Januari 2026
907,Tipe A,250000,120000,120000,0,130000,Transfer,Supplier A,Selesai,10 Januari 2026,11 Januari 2026
908,Tipe A,150000,120000,120000,0,30000,Transfer,Supplier A,Selesai,10 Januari 2026,11 Januari 2026
909,Tipe A,150000,120000,120000,0,30000,Transfer,Supplier A,Selesai,10 Januari 2026,11 Januari 2026
910,Tipe A,150000,120000,120000,0,30000,Transfer,Supplier A,Selesai,10 Januari 2026,11 Januari 2026
911,Tipe A,185000,120000,120000,0,65000,Transfer,Supplier E,Selesai,10 Januari 2026,11 Januari 2026
912,Tipe A,150000,120000,120000,0,30000,Transfer,Supplier B,Selesai,10 Januari 2026,11 Januari 2026
913,Tipe A,150000,120000,120000,0,30000,Transfer,Supplier B,Selesai,10 Januari 2026,11 Januari 2026
914,Tipe A,150000,115000,115000,0,35000,Transfer,Supplier B,Selesai,11 Januari 2026,14 Januari 2026
915,Tipe A,150000,115000,115000,0,35000,Transfer,Supplier B,Selesai,11 Januari 2026,11 Januari 2026
916,Tipe A,150000,115000,115000,0,35000,Transfer,Supplier B,Selesai,11 Januari 2026,11 Januari 2026
917,Tipe A,150000,120000,120000,0,30000,Transfer,Supplier A,Selesai,12 Januari 2026,13 Januari 2026
918,Tipe A,150000,120000,120000,0,30000,Transfer,Supplier A,Selesai,12 Januari 2026,13 Januari 2026
919,Tipe A,150000,120000,120000,0,30000,Transfer,Supplier A,Selesai,12 Januari 2026,13 Januari 2026
920,Tipe A,150000,120000,120000,0,30000,Transfer,Supplier A,Selesai,12 Januari 2026,14 Januari 2026
921,Tipe A,150000,120000,120000,0,30000,Transfer,Supplier A,Selesai,12 Januari 2026,13 Januari 2026
922,Tipe A,150000,120000,120000,0,30000,Transfer,Supplier A,Selesai,12 Januari 2026,13 Januari 2026
923,Tipe A,150000,120000,120000,0,30000,Transfer,Supplier A,Selesai,12 Januari 2026,13 Januari 2026
924,Tipe A,150000,115000,115000,0,35000,Transfer,Supplier B,Selesai,12 Januari 2026,14 Januari 2026
925,Tipe A,150000,115000,115000,0,35000,Transfer,Supplier B,Selesai,12 Januari 2026,14 Januari 2026
926,Tipe A,150000,115000,115000,0,35000,Transfer,Supplier B,Selesai,12 Januari 2026,21 Januari 2026
927,Tipe A,150000,115000,115000,0,35000,Transfer,Supplier B,Selesai,12 Januari 2026,14 Januari 2026
928,Tipe A,150000,115000,115000,0,35000,Transfer,Supplier B,Selesai,12 Januari 2026,14 Januari 2026
929,Tipe A,150000,115000,115000,0,35000,Transfer,Supplier B,Selesai,12 Januari 2026,14 Januari 2026
930,Tipe A,150000,120000,120000,0,30000,Transfer,Supplier A,Selesai,13 Januari 2026,14 Januari 2026
931,Tipe A,150000,120000,120000,0,30000,Transfer,Supplier A,Selesai,13 Januari 2026,14 Januari 2026
932,Tipe A,150000,120000,120000,0,30000,Transfer,Supplier A,Selesai,13 Januari 2026,14 Januari 2026
933,Tipe A,150000,120000,120000,0,30000,Transfer,Supplier A,Selesai,13 Januari 2026,14 Januari 2026
934,Tipe A,150000,120000,120000,0,30000,Transfer,Supplier A,Selesai,13 Januari 2026,14 Januari 2026
935,Tipe A,150000,120000,120000,0,30000,Transfer,Supplier A,Selesai,13 Januari 2026,14 Januari 2026
936,Tipe A,150000,120000,120000,0,30000,Transfer,Supplier A,Selesai,13 Januari 2026,14 Januari 2026
937,Tipe A,150000,110000,110000,0,40000,Transfer,Supplier B,Selesai,14 Januari 2026,14 Januari 2026
938,Tipe A,150000,110000,110000,0,40000,Transfer,Supplier B,Selesai,14 Januari 2026,14 Januari 2026
939,Tipe A,150000,110000,110000,0,40000,Transfer,Supplier B,Selesai,14 Januari 2026,14 Januari 2026
940,Tipe A,150000,110000,110000,0,40000,Transfer,Supplier B,Selesai,14 Januari 2026,14 Januari 2026
941,Tipe A,150000,110000,110000,0,40000,Transfer,Supplier B,Selesai,14 Januari 2026,14 Januari 2026
942,Tipe A,150000,110000,110000,0,40000,Transfer,Supplier A,Selesai,14 Januari 2026,14 Januari 2026
943,Tipe A,150000,110000,110000,0,40000,Transfer,Supplier A,Selesai,14 Januari 2026,14 Januari 2026
944,Tipe A,150000,110000,110000,0,40000,Transfer,Supplier A,Selesai,14 Januari 2026,14 Januari 2026
945,Tipe A,150000,110000,110000,0,40000,Transfer,Supplier A,Selesai,14 Januari 2026,15 Januari 2026
946,Tipe A,150000,110000,110000,0,40000,Transfer,Supplier A,Selesai,14 Januari 2026,14 Januari 2026
947,Tipe A,150000,110000,110000,0,40000,Transfer,Supplier A,Selesai,14 Januari 2026,14 Januari 2026
948,Tipe A,150000,110000,110000,0,40000,Transfer,Supplier A,Selesai,15 Januari 2026,18 Januari 2026
949,Tipe A,150000,110000,110000,0,40000,Transfer,Supplier B,Selesai,15 Januari 2026,15 Januari 2026
950,Tipe A,150000,110000,110000,0,40000,Transfer,Supplier B,Selesai,15 Januari 2026,15 Januari 2026
951,Tipe A,180000,110000,110000,0,70000,Transfer,Supplier B,Selesai,15 Januari 2026,15 Januari 2026
952,Tipe A,150000,110000,110000,0,40000,Transfer,Supplier B,Selesai,15 Januari 2026,15 Januari 2026
953,Tipe A,150000,110000,110000,0,40000,Transfer,Supplier B,Selesai,15 Januari 2026,15 Januari 2026
954,Tipe A,150000,105000,105000,0,45000,Transfer,Supplier A,Selesai,15 Januari 2026,18 Januari 2026
955,Tipe A,150000,105000,105000,0,45000,Transfer,Supplier A,Selesai,15 Januari 2026,18 Januari 2026
956,Tipe A,150000,105000,105000,0,45000,Transfer,Supplier A,Selesai,16 Januari 2026,18 Januari 2026
957,Tipe A,150000,105000,105000,0,45000,Transfer,Supplier A,Selesai,16 Januari 2026,18 Januari 2026
958,Tipe A,150000,110000,110000,0,40000,Transfer,Supplier B,Selesai,16 Januari 2026,18 Januari 2026
959,Tipe A,150000,110000,110000,0,40000,Transfer,Supplier B,Selesai,16 Januari 2026,18 Januari 2026
960,Tipe A,150000,110000,110000,0,40000,Transfer,Supplier B,Selesai,16 Januari 2026,18 Januari 2026
961,Tipe A,150000,100000,100000,0,50000,Transfer,Supplier E,Selesai,17 Januari 2026,20 Januari 2026
962,Tipe A,150000,100000,100000,0,50000,Transfer,Supplier E,Selesai,17 Januari 2026,18 Januari 2026
963,Tipe A,185000,100000,100000,0,85000,Transfer,Supplier E,Selesai,17 Januari 2026,18 Januari 2026
964,Tipe A,150000,100000,100000,0,50000,Transfer,Supplier E,Selesai,17 Januari 2026,18 Januari 2026
965,Tipe A,185000,100000,100000,0,85000,Transfer,Supplier E,Selesai,17 Januari 2026,18 Januari 2026
966,Tipe A,150000,100000,100000,0,50000,Transfer,Supplier E,Selesai,18 Januari 2026,18 Januari 2026
967,Tipe A,150000,100000,100000,0,50000,Transfer,Supplier E,Selesai,18 Januari 2026,18 Januari 2026
968,Tipe A,150000,110000,110000,0,40000,Transfer,Supplier B,Selesai,18 Januari 2026,20 Januari 2026
969,Tipe A,150000,110000,110000,0,40000,Transfer,Supplier B,Selesai,18 Januari 2026,20 Januari 2026
970,Tipe A,140000,105000,105000,0,35000,Transfer,Supplier A,Selesai,19 Januari 2026,20 Januari 2026
971,Tipe A,140000,105000,105000,0,35000,Transfer,Supplier A,Selesai,19 Januari 2026,20 Januari 2026
972,Tipe A,140000,105000,105000,0,35000,Transfer,Supplier A,Selesai,19 Januari 2026,20 Januari 2026
973,Tipe A,140000,105000,105000,0,35000,Transfer,Supplier A,Selesai,19 Januari 2026,20 Januari 2026
974,Tipe A,140000,105000,105000,0,35000,Transfer,Supplier A,Selesai,19 Januari 2026,21 Januari 2026
975,Tipe A,150000,100000,100000,0,50000,Transfer,Supplier B,Selesai,19 Januari 2026,21 Januari 2026
976,Tipe A,140000,100000,100000,0,40000,Transfer,Supplier B,Selesai,19 Januari 2026,20 Januari 2026
977,Tipe A,140000,100000,100000,0,40000,Transfer,Supplier B,Selesai,19 Januari 2026,20 Januari 2026
978,Tipe A,140000,100000,100000,0,40000,Transfer,Supplier B,Selesai,19 Januari 2026,20 Januari 2026
979,Tipe A,145000,100000,100000,0,45000,Transfer,Supplier B,Selesai,20 Januari 2026,20 Januari 2026
980,Tipe A,140000,100000,100000,0,40000,Transfer,Supplier B,Selesai,20 Januari 2026,20 Januari 2026
981,Tipe A,140000,100000,100000,0,40000,Transfer,Supplier B,Selesai,20 Januari 2026,20 Januari 2026
982,Tipe A,140000,100000,100000,0,40000,Transfer,Supplier B,Selesai,20 Januari 2026,21 Januari 2026
983,Tipe A,140000,100000,100000,0,40000,Transfer,Supplier B,Selesai,20 Januari 2026,20 Januari 2026
984,Tipe A,140000,100000,100000,0,40000,Transfer,Supplier B,Selesai,20 Januari 2026,20 Januari 2026
985,Tipe A,140000,100000,100000,0,40000,Transfer,Supplier B,Selesai,20 Januari 2026,20 Januari 2026
986,Tipe A,100000,100000,100000,0,0,Transfer,Supplier E,Selesai,20 Januari 2026,20 Januari 2026
987,Tipe A,140000,100000,100000,0,40000,Transfer,Supplier E,Selesai,20 Januari 2026,20 Januari 2026
988,Tipe A,140000,100000,100000,0,40000,Transfer,Supplier A,Selesai,20 Januari 2026,20 Januari 2026
989,Tipe A,150000,100000,100000,0,50000,Transfer,Supplier A,Selesai,20 Januari 2026,20 Januari 2026
990,Tipe A,140000,100000,100000,0,40000,Transfer,Supplier A,Selesai,20 Januari 2026,20 Januari 2026
991,Tipe A,140000,130000,130000,0,10000,Transfer,Supplier E,Selesai,21 Januari 2026,21 Januari 2026
992,Tipe A,140000,100000,100000,0,40000,Transfer,Supplier A,Selesai,21 Januari 2026,21 Januari 2026
993,Tipe A,140000,100000,100000,0,40000,Transfer,Supplier A,Selesai,21 Januari 2026,21 Januari 2026
994,Tipe A,140000,100000,100000,0,40000,Transfer,Supplier A,Selesai,21 Januari 2026,21 Januari 2026
995,Tipe A,140000,100000,100000,0,40000,Transfer,Supplier A,Selesai,21 Januari 2026,23 Januari 2026
996,Tipe A,140000,100000,100000,0,40000,Transfer,Supplier A,Selesai,21 Januari 2026,21 Januari 2026
997,Tipe A,140000,100000,100000,0,40000,Transfer,Supplier A,Selesai,21 Januari 2026,25 Januari 2026
998,Tipe A,130000,100000,100000,0,30000,Transfer,Supplier A,Selesai,21 Januari 2026,21 Januari 2026
999,Tipe A,135000,100000,100000,0,35000,Transfer,Supplier A,Selesai,21 Januari 2026,21 Januari 2026
1000,Tipe A,140000,100000,100000,0,40000,Transfer,Supplier A,Selesai,21 Januari 2026,21 Januari 2026
1001,Tipe A,135000,100000,100000,0,35000,Transfer,Supplier A,Selesai,21 Januari 2026,21 Januari 2026
1002,Tipe A,135000,100000,100000,0,35000,Transfer,Supplier B,Selesai,21 Januari 2026,23 Januari 2026
1003,Tipe A,130000,100000,100000,0,30000,Transfer,Supplier B,Selesai,21 Januari 2026,23 Januari 2026
1004,Tipe A,140000,100000,100000,0,40000,Transfer,Supplier B,Selesai,21 Januari 2026,25 Januari 2026
1005,Tipe A,140000,100000,100000,0,40000,Transfer,Supplier B,Selesai,21 Januari 2026,23 Januari 2026
1006,Tipe A,140000,100000,100000,0,40000,Transfer,Supplier B,Selesai,21 Januari 2026,23 Januari 2026
1007,Tipe A,140000,100000,100000,0,40000,Transfer,Supplier A,Selesai,22 Januari 2026,25 Januari 2026
1008,Tipe A,130000,100000,100000,0,30000,Transfer,Supplier A,Selesai,22 Januari 2026,25 Januari 2026
1009,Tipe A,140000,100000,100000,0,40000,Transfer,Supplier A,Selesai,22 Januari 2026,25 Januari 2026
1010,Tipe A,140000,100000,100000,0,40000,Transfer,Supplier A,Selesai,22 Januari 2026,25 Januari 2026
1011,Tipe A,135000,100000,100000,0,35000,Transfer,Supplier A,Selesai,22 Januari 2026,25 Januari 2026
1012,Tipe A,130000,100000,100000,0,30000,Transfer,Supplier A,Selesai,22 Januari 2026,25 Januari 2026
1013,Tipe A,140000,100000,100000,0,40000,Transfer,Supplier B,Selesai,22 Januari 2026,25 Januari 2026
1014,Tipe A,140000,100000,100000,0,40000,Transfer,Supplier B,Selesai,23 Januari 2026,25 Januari 2026
1015,Tipe A,135000,100000,100000,0,35000,Transfer,Supplier B,Selesai,23 Januari 2026,25 Januari 2026
1016,Tipe A,135000,100000,100000,0,35000,Transfer,Supplier B,Selesai,23 Januari 2026,25 Januari 2026
1017,Tipe A,130000,100000,100000,0,30000,Transfer,Supplier B,Selesai,23 Januari 2026,25 Januari 2026
1018,Tipe A,135000,100000,100000,0,35000,Transfer,Supplier B,Selesai,23 Januari 2026,25 Januari 2026
1019,Tipe A,140000,100000,100000,0,40000,Transfer,Supplier B,Selesai,23 Januari 2026,25 Januari 2026
1020,Tipe A,130000,100000,100000,0,30000,Transfer,Supplier A,Selesai,24 Januari 2026,25 Januari 2026
1021,Tipe A,140000,100000,100000,0,40000,Transfer,Supplier A,Selesai,24 Januari 2026,25 Januari 2026
1022,Tipe A,140000,100000,100000,0,40000,Transfer,Supplier A,Selesai,24 Januari 2026,25 Januari 2026
1023,Tipe A,135000,100000,100000,0,35000,Transfer,Supplier A,Selesai,24 Januari 2026,28 Januari 2026
1024,Tipe A,140000,100000,100000,0,40000,Transfer,Supplier A,Selesai,24 Januari 2026,25 Januari 2026
1025,Tipe A,130000,100000,100000,0,30000,Transfer,Supplier A,Selesai,24 Januari 2026,25 Januari 2026
1026,Tipe A,150000,100000,100000,0,50000,Transfer,Supplier A,Selesai,24 Januari 2026,25 Januari 2026
1027,Tipe A,130000,100000,100000,0,30000,Transfer,Supplier B,Selesai,25 Januari 2026,26 Januari 2026
1028,Tipe A,140000,100000,100000,0,40000,Transfer,Supplier B,Selesai,25 Januari 2026,26 Januari 2026
1029,Tipe A,135000,100000,100000,0,35000,Transfer,Supplier B,Selesai,25 Januari 2026,26 Januari 2026
1030,Tipe A,130000,100000,100000,0,30000,Transfer,Supplier B,Selesai,25 Januari 2026,26 Januari 2026
1031,Tipe A,140000,100000,100000,0,40000,Transfer,Supplier B,Selesai,25 Januari 2026,26 Januari 2026
1032,Tipe A,140000,100000,100000,0,40000,Transfer,Supplier B,Selesai,25 Januari 2026,26 Januari 2026
1033,Tipe A,138000,100000,100000,0,38000,Transfer,Supplier B,Selesai,25 Januari 2026,26 Januari 2026
1034,Tipe A,140000,100000,100000,0,40000,Transfer,Supplier A,Selesai,26 Januari 2026,26 Januari 2026
1035,Tipe A,140000,100000,100000,0,40000,Transfer,Supplier A,Selesai,26 Januari 2026,26 Januari 2026
1036,Tipe A,140000,100000,100000,0,40000,Transfer,Supplier A,Selesai,26 Januari 2026,21 April 2026
1037,Tipe A,140000,100000,100000,0,40000,Transfer,Supplier A,Selesai,26 Januari 2026,21 April 2026
1038,Tipe A,100000,100000,100000,0,0,Transfer,Supplier A,Selesai,26 Januari 2026,26 Januari 2026
1039,Tipe A,140000,100000,100000,0,40000,Transfer,Supplier A,Selesai,26 Januari 2026,29 Januari 2026
1040,Tipe A,135000,100000,100000,0,35000,Transfer,Supplier A,Selesai,26 Januari 2026,26 Januari 2026
1041,Tipe A,135000,100000,100000,0,35000,Transfer,Supplier A,Selesai,26 Januari 2026,26 Januari 2026
1042,Tipe A,135000,100000,100000,0,35000,Transfer,Supplier A,Selesai,26 Januari 2026,26 Januari 2026
1043,Tipe A,135000,100000,100000,0,35000,Transfer,Supplier B,Selesai,26 Januari 2026,28 Januari 2026
1044,Tipe A,135000,100000,100000,0,35000,Transfer,Supplier B,Selesai,26 Januari 2026,28 Januari 2026
1045,Tipe A,140000,100000,100000,0,40000,Transfer,Supplier B,Selesai,26 Januari 2026,28 Januari 2026
1046,Tipe A,140000,100000,100000,0,40000,Transfer,Supplier B,Selesai,26 Januari 2026,28 Januari 2026
1047,Tipe A,140000,100000,100000,0,40000,Transfer,Supplier B,Selesai,26 Januari 2026,28 Januari 2026
1048,Tipe A,135000,100000,100000,0,35000,Transfer,Supplier A,Selesai,27 Januari 2026,30 Januari 2026
1049,Tipe A,130000,100000,100000,0,30000,Transfer,Supplier A,Selesai,27 Januari 2026,30 Januari 2026
1050,Tipe A,135000,100000,100000,0,35000,Transfer,Supplier A,Selesai,27 Januari 2026,28 Januari 2026
1051,Tipe A,125000,95000,95000,0,30000,Transfer,Supplier E,Selesai,27 Januari 2026,28 Januari 2026
1052,Tipe A,150000,100000,100000,0,50000,Transfer,Supplier A,Selesai,28 Januari 2026,29 Januari 2026
1053,Tipe A,140000,100000,100000,0,40000,Transfer,Supplier A,Selesai,28 Januari 2026,28 Januari 2026
1054,Tipe A,140000,100000,100000,0,40000,Transfer,Supplier A,Selesai,28 Januari 2026,28 Januari 2026
1055,Tipe A,140000,100000,100000,0,40000,Transfer,Supplier A,Selesai,28 Januari 2026,28 Januari 2026
1056,Tipe A,140000,100000,100000,0,40000,Transfer,Supplier A,Selesai,28 Januari 2026,28 Januari 2026
1057,Tipe A,135000,100000,100000,0,35000,Transfer,Supplier A,Selesai,28 Januari 2026,28 Januari 2026
1058,Tipe A,140000,100000,100000,0,40000,Transfer,Supplier B,Selesai,28 Januari 2026,30 Januari 2026
1059,Tipe A,140000,100000,100000,0,40000,Transfer,Supplier B,Selesai,28 Januari 2026,30 Januari 2026
1060,Tipe A,135000,100000,100000,0,35000,Transfer,Supplier B,Selesai,28 Januari 2026,30 Januari 2026
1061,Tipe A,135000,100000,100000,0,35000,Transfer,Supplier B,Selesai,28 Januari 2026,30 Januari 2026
1062,Tipe A,135000,100000,100000,0,35000,Transfer,Supplier B,Selesai,28 Januari 2026,30 Januari 2026
1063,Tipe A,135000,100000,100000,0,35000,Transfer,Supplier B,Selesai,28 Januari 2026,30 Januari 2026
1064,Tipe A,130000,100000,100000,0,30000,Transfer,Supplier A,Selesai,29 Januari 2026,1 Februari 2026
1065,Tipe A,130000,100000,100000,0,30000,Transfer,Supplier A,Selesai,29 Januari 2026,30 Januari 2026
1066,Tipe A,130000,100000,100000,0,30000,Transfer,Supplier A,Selesai,29 Januari 2026,30 Januari 2026
1067,Tipe A,125000,100000,100000,0,25000,Transfer,Supplier A,Selesai,29 Januari 2026,30 Januari 2026
1068,Tipe A,130000,100000,100000,0,30000,Transfer,Supplier A,Selesai,29 Januari 2026,30 Januari 2026
1069,Tipe A,130000,100000,100000,0,30000,Transfer,Supplier A,Selesai,29 Januari 2026,30 Januari 2026
1070,Tipe A,130000,100000,100000,0,30000,Transfer,Supplier A,Selesai,29 Januari 2026,1 Februari 2026
1071,Tipe A,130000,95000,95000,0,35000,Transfer,Supplier A,Selesai,31 Januari 2026,1 Februari 2026
1072,Tipe A,130000,95000,95000,0,35000,Transfer,Supplier A,Selesai,31 Januari 2026,1 Februari 2026
1073,Tipe A,130000,100000,100000,0,30000,Transfer,Supplier B,Selesai,30 Januari 2026,1 Februari 2026
1074,Tipe A,130000,100000,100000,0,30000,Transfer,Supplier B,Selesai,30 Januari 2026,1 Februari 2026
1075,Tipe A,125000,100000,100000,0,25000,Transfer,Supplier B,Selesai,30 Januari 2026,1 Februari 2026
1076,Tipe A,125000,100000,100000,0,25000,Transfer,Supplier B,Selesai,30 Januari 2026,1 Februari 2026
1077,Tipe A,130000,100000,100000,0,30000,Transfer,Supplier B,Selesai,30 Januari 2026,1 Februari 2026
1078,Tipe A,130000,100000,100000,0,30000,Transfer,Supplier B,Selesai,30 Januari 2026,1 Februari 2026
1079,Tipe A,130000,100000,100000,0,30000,Transfer,Supplier A,Selesai,1 Februari 2026,2 Februari 2026
1080,Tipe A,150000,100000,100000,0,50000,Transfer,Supplier A,Selesai,1 Februari 2026,2 Februari 2026
1081,Tipe A,130000,100000,100000,0,30000,Transfer,Supplier A,Selesai,1 Februari 2026,2 Februari 2026
1082,Tipe A,130000,100000,100000,0,30000,Transfer,Supplier A,Selesai,1 Februari 2026,4 Februari 2026
1083,Tipe A,130000,100000,100000,0,30000,Transfer,Supplier A,Selesai,1 Februari 2026,2 Februari 2026
1084,Tipe A,130000,100000,100000,0,30000,Transfer,Supplier A,Selesai,1 Februari 2026,2 Februari 2026
1085,Tipe A,125000,100000,100000,0,25000,Transfer,Supplier A,Selesai,1 Februari 2026,2 Februari 2026
1086,Tipe A,130000,100000,100000,0,30000,Transfer,Supplier A,Selesai,1 Februari 2026,2 Februari 2026
1087,Tipe A,130000,95000,95000,0,35000,Transfer,Supplier A,Selesai,1 Februari 2026,2 Februari 2026
1088,Tipe A,125000,95000,95000,0,30000,Transfer,Supplier A,Selesai,1 Februari 2026,2 Februari 2026
1089,Tipe A,130000,95000,95000,0,35000,Transfer,Supplier A,Selesai,1 Februari 2026,3 Februari 2026
1090,Tipe A,125000,95000,95000,0,30000,Transfer,Supplier A,Selesai,1 Februari 2026,2 Februari 2026
1091,Tipe A,125000,95000,95000,0,30000,Transfer,Supplier A,Selesai,2 Februari 2026,3 Februari 2026
1092,Tipe A,130000,95000,95000,0,35000,Transfer,Supplier A,Selesai,2 Februari 2026,3 Februari 2026
1093,Tipe A,125000,95000,95000,0,30000,Transfer,Supplier A,Selesai,2 Februari 2026,3 Februari 2026
1094,Tipe A,125000,95000,95000,0,30000,Transfer,Supplier A,Selesai,2 Februari 2026,3 Februari 2026
1095,Tipe A,125000,95000,95000,0,30000,Transfer,Supplier A,Selesai,2 Februari 2026,3 Februari 2026
1096,Tipe A,200000,95000,95000,0,105000,Transfer,Supplier A,Selesai,2 Februari 2026,3 Februari 2026
1097,Tipe A,130000,100000,100000,0,30000,Transfer,Supplier B,Selesai,2 Februari 2026,3 Februari 2026
1098,Tipe A,125000,100000,100000,0,25000,Transfer,Supplier B,Selesai,2 Februari 2026,3 Februari 2026
1099,Tipe A,125000,100000,100000,0,25000,Transfer,Supplier B,Selesai,2 Februari 2026,3 Februari 2026
1100,Tipe A,125000,100000,100000,0,25000,Transfer,Supplier B,Selesai,2 Februari 2026,6 Februari 2026
1101,Tipe A,125000,85000,85000,0,40000,Transfer,Supplier D,Selesai,3 Februari 2026,3 Februari 2026
1102,Tipe A,130000,85000,85000,0,45000,Transfer,Supplier D,Selesai,3 Februari 2026,20 Februari 2026
1103,Tipe A,120000,85000,85000,0,35000,Transfer,Supplier D,Selesai,3 Februari 2026,3 Februari 2026
1104,Tipe A,125000,85000,85000,0,40000,Transfer,Supplier D,Selesai,3 Februari 2026,3 Februari 2026
1105,Tipe A,125000,85000,85000,0,40000,Transfer,Supplier D,Selesai,3 Februari 2026,3 Februari 2026
1106,Tipe A,110000,85000,85000,0,25000,Transfer,Supplier D,Selesai,3 Februari 2026,3 Februari 2026
1107,Tipe A,125000,95000,95000,0,30000,Transfer,Supplier A,Selesai,3 Februari 2026,3 Februari 2026
1108,Tipe A,130000,95000,95000,0,35000,Transfer,Supplier A,Selesai,3 Februari 2026,3 Februari 2026
1109,Tipe A,125000,95000,95000,0,30000,Transfer,Supplier A,Selesai,3 Februari 2026,3 Februari 2026
1110,Tipe A,130000,95000,95000,0,35000,Transfer,Supplier A,Selesai,3 Februari 2026,3 Februari 2026
1111,Tipe A,125000,95000,95000,0,30000,Transfer,Supplier A,Selesai,3 Februari 2026,3 Februari 2026
1112,Tipe A,125000,95000,95000,0,30000,Transfer,Supplier A,Selesai,3 Februari 2026,3 Februari 2026
1113,Tipe A,125000,100000,100000,0,25000,Transfer,Supplier B,Selesai,4 Februari 2026,6 Februari 2026
1114,Tipe A,125000,100000,100000,0,25000,Transfer,Supplier B,Selesai,4 Februari 2026,6 Februari 2026
1115,Tipe A,125000,100000,100000,0,25000,Transfer,Supplier B,Selesai,4 Februari 2026,6 Februari 2026
1116,Tipe A,125000,100000,100000,0,25000,Transfer,Supplier B,Selesai,4 Februari 2026,6 Februari 2026
1117,Tipe A,125000,100000,100000,0,25000,Transfer,Supplier B,Selesai,4 Februari 2026,6 Februari 2026
1118,Tipe A,125000,100000,100000,0,25000,Transfer,Supplier B,Selesai,4 Februari 2026,6 Februari 2026
1119,Tipe A,130000,100000,100000,0,30000,Transfer,Supplier B,Selesai,4 Februari 2026,6 Februari 2026
1120,Tipe A,125000,85000,85000,0,40000,Transfer,Supplier D,Selesai,5 Februari 2026,6 Februari 2026
1121,Tipe A,125000,85000,85000,0,40000,Transfer,Supplier D,Selesai,5 Februari 2026,7 Februari 2026
1122,Tipe A,125000,85000,85000,0,40000,Transfer,Supplier D,Selesai,5 Februari 2026,6 Februari 2026
1123,Tipe A,125000,85000,85000,0,40000,Transfer,Supplier D,Selesai,5 Februari 2026,6 Februari 2026
1124,Tipe A,125000,85000,85000,0,40000,Transfer,Supplier D,Selesai,5 Februari 2026,6 Februari 2026
1125,Tipe A,125000,85000,85000,0,40000,Transfer,Supplier D,Selesai,5 Februari 2026,6 Februari 2026
1126,Tipe A,125000,85000,85000,0,40000,Transfer,Supplier D,Selesai,5 Februari 2026,6 Februari 2026
1127,Tipe A,125000,90000,90000,0,35000,Transfer,Supplier A,Selesai,6 Februari 2026,6 Februari 2026
1128,Tipe A,125000,90000,90000,0,35000,Transfer,Supplier A,Selesai,6 Februari 2026,7 Februari 2026
1129,Tipe A,125000,90000,90000,0,35000,Transfer,Supplier A,Selesai,6 Februari 2026,10 Februari 2026
1130,Tipe A,125000,90000,90000,0,35000,Transfer,Supplier A,Selesai,6 Februari 2026,6 Februari 2026
1131,Tipe A,125000,90000,90000,0,35000,Transfer,Supplier D,Selesai,6 Februari 2026,6 Februari 2026
1132,Tipe A,125000,90000,90000,0,35000,Transfer,Supplier A,Selesai,6 Februari 2026,6 Februari 2026
1133,Tipe A,125000,90000,90000,0,35000,Transfer,Supplier A,Selesai,6 Februari 2026,6 Februari 2026
1134,Tipe A,125000,90000,90000,0,35000,Transfer,Supplier A,Selesai,6 Februari 2026,6 Februari 2026
1135,Tipe A,120000,90000,90000,0,30000,Transfer,Supplier A,Selesai,6 Februari 2026,6 Februari 2026
1136,Tipe A,125000,90000,90000,0,35000,Transfer,Supplier A,Selesai,6 Februari 2026,6 Februari 2026
1137,Tipe A,125000,90000,90000,0,35000,Transfer,Supplier A,Selesai,6 Februari 2026,6 Februari 2026
1138,Tipe A,125000,85000,85000,0,40000,Transfer,Supplier D,Selesai,5 Februari 2026,7 Februari 2026
1139,Tipe A,120000,85000,85000,0,35000,Transfer,Supplier D,Selesai,5 Februari 2026,27 April 2026
1140,Tipe A,150000,100000,100000,0,50000,Transfer,Supplier B,Selesai,7 Februari 2026,7 Februari 2026
1141,Tipe A,130000,100000,100000,0,30000,Transfer,Supplier B,Selesai,7 Februari 2026,7 Februari 2026
1142,Tipe A,125000,100000,100000,0,25000,Transfer,Supplier B,Selesai,7 Februari 2026,7 Februari 2026
1143,Tipe A,125000,85000,85000,0,40000,Transfer,Supplier D,Selesai,8 Februari 2026,10 Februari 2026
1144,Tipe A,125000,85000,85000,0,40000,Transfer,Supplier D,Selesai,8 Februari 2026,10 Februari 2026
1145,Tipe A,125000,85000,85000,0,40000,Transfer,Supplier D,Selesai,8 Februari 2026,10 Februari 2026
1146,Tipe A,125000,85000,85000,0,40000,Transfer,Supplier D,Selesai,8 Februari 2026,13 Februari 2026
1147,Tipe A,125000,85000,85000,0,40000,Transfer,Supplier D,Selesai,8 Februari 2026,10 Februari 2026
1148,Tipe A,125000,85000,85000,0,40000,Transfer,Supplier D,Selesai,8 Februari 2026,10 Februari 2026
1149,Tipe A,125000,85000,85000,0,40000,Transfer,Supplier D,Selesai,8 Februari 2026,10 Februari 2026
1150,Tipe A,124000,85000,85000,0,39000,Transfer,Supplier D,Selesai,9 Februari 2026,10 Februari 2026
1151,Tipe A,120000,85000,85000,0,35000,Transfer,Supplier D,Selesai,9 Februari 2026,11 Februari 2026
1152,Tipe A,125000,85000,85000,0,40000,Transfer,Supplier D,Selesai,9 Februari 2026,10 Februari 2026
1153,Tipe A,120000,85000,85000,0,35000,Transfer,Supplier D,Selesai,9 Februari 2026,10 Februari 2026
1154,Tipe A,120000,90000,90000,0,30000,Transfer,Supplier A,Selesai,9 Februari 2026,10 Februari 2026
1155,Tipe A,120000,90000,90000,0,30000,Transfer,Supplier A,Selesai,9 Februari 2026,10 Februari 2026
1156,Tipe A,125000,90000,90000,0,35000,Transfer,Supplier A,Selesai,9 Februari 2026,10 Februari 2026
1157,Tipe A,125000,90000,90000,0,35000,Transfer,Supplier A,Selesai,9 Februari 2026,10 Februari 2026
1158,Tipe A,120000,90000,90000,0,30000,Transfer,Supplier A,Selesai,9 Februari 2026,10 Februari 2026
1159,Tipe A,130000,90000,90000,0,40000,Transfer,Supplier A,Selesai,10 Februari 2026,20 Februari 2026
1160,Tipe A,130000,90000,90000,0,40000,Transfer,Supplier A,Selesai,10 Februari 2026,13 Februari 2026
1161,Tipe A,125000,90000,90000,0,35000,Transfer,Supplier A,Selesai,10 Februari 2026,10 Februari 2026
1162,Tipe A,125000,90000,90000,0,35000,Transfer,Supplier A,Selesai,10 Februari 2026,11 Februari 2026
1163,Tipe A,125000,90000,90000,0,35000,Transfer,Supplier A,Selesai,10 Februari 2026,11 Februari 2026
1164,Tipe A,120000,90000,90000,0,30000,Transfer,Supplier A,Selesai,10 Februari 2026,10 Februari 2026
1165,Tipe A,120000,90000,90000,0,30000,Transfer,Supplier A,Selesai,10 Februari 2026,10 Februari 2026
1166,Tipe A,120000,90000,90000,0,30000,Transfer,Supplier A,Selesai,10 Februari 2026,10 Februari 2026
1167,Tipe A,120000,90000,90000,0,30000,Transfer,Supplier A,Selesai,10 Februari 2026,10 Februari 2026
1168,Tipe A,125000,90000,90000,0,35000,Transfer,Supplier B,Selesai,10 Februari 2026,10 Februari 2026
1169,Tipe A,125000,90000,90000,0,35000,Transfer,Supplier B,Selesai,10 Februari 2026,10 Februari 2026
1170,Tipe A,130000,90000,90000,0,40000,Transfer,Supplier B,Selesai,10 Februari 2026,10 Februari 2026
1171,Tipe A,125000,90000,90000,0,35000,Transfer,Supplier B,Selesai,10 Februari 2026,10 Februari 2026
1172,Tipe A,124000,90000,90000,0,34000,Transfer,Supplier B,Selesai,10 Februari 2026,10 Februari 2026
1173,Tipe A,130000,85000,85000,0,45000,Transfer,Supplier D,Selesai,11 Februari 2026,13 Februari 2026
1174,Tipe A,125000,85000,85000,0,40000,Transfer,Supplier D,Selesai,11 Februari 2026,13 Februari 2026
1175,Tipe A,125000,85000,85000,0,40000,Transfer,Supplier D,Selesai,11 Februari 2026,13 Februari 2026
1176,Tipe A,120000,85000,85000,0,35000,Transfer,Supplier D,Selesai,11 Februari 2026,13 Februari 2026
1177,Tipe A,120000,85000,85000,0,35000,Transfer,Supplier D,Selesai,11 Februari 2026,13 Februari 2026
1178,Tipe A,120000,85000,85000,0,35000,Transfer,Supplier D,Selesai,11 Februari 2026,13 Februari 2026
1179,Tipe A,120000,85000,85000,0,35000,Transfer,Supplier D,Selesai,12 Februari 2026,13 Februari 2026
1180,Tipe A,120000,85000,85000,0,35000,Transfer,Supplier D,Selesai,12 Februari 2026,13 Februari 2026
1181,Tipe A,120000,85000,85000,0,35000,Transfer,Supplier D,Selesai,12 Februari 2026,13 Februari 2026
1182,Tipe A,120000,85000,85000,0,35000,Transfer,Supplier D,Selesai,12 Februari 2026,13 Februari 2026
1183,Tipe A,125000,85000,85000,0,40000,Transfer,Supplier D,Selesai,12 Februari 2026,13 Februari 2026
1184,Tipe A,130000,90000,90000,0,40000,Transfer,Supplier A,Selesai,12 Februari 2026,13 Februari 2026
1185,Tipe A,130000,90000,90000,0,40000,Transfer,Supplier A,Selesai,12 Februari 2026,13 Februari 2026
1186,Tipe A,120000,90000,90000,0,30000,Transfer,Supplier A,Selesai,12 Februari 2026,13 Februari 2026
1187,Tipe A,119000,90000,90000,0,29000,Transfer,Supplier A,Selesai,12 Februari 2026,13 Februari 2026
1188,Tipe A,130000,90000,90000,0,40000,Transfer,Supplier A,Selesai,12 Februari 2026,13 Februari 2026
1189,Tipe A,125000,90000,90000,0,35000,Transfer,Supplier A,Selesai,12 Februari 2026,13 Februari 2026
1190,Tipe A,120000,80000,80000,0,40000,Transfer,Supplier A,Selesai,13 Februari 2026,13 Februari 2026
1191,Tipe A,120000,80000,80000,0,40000,Transfer,Supplier A,Selesai,13 Februari 2026,13 Februari 2026
1192,Tipe A,120000,80000,80000,0,40000,Transfer,Supplier A,Selesai,13 Februari 2026,13 Februari 2026
1193,Tipe A,120000,90000,90000,0,30000,Transfer,Supplier B,Selesai,13 Februari 2026,14 Februari 2026
1194,Tipe A,120000,90000,90000,0,30000,Transfer,Supplier B,Selesai,13 Februari 2026,14 Februari 2026
1195,Tipe A,120000,90000,90000,0,30000,Transfer,Supplier B,Selesai,13 Februari 2026,14 Februari 2026
1196,Tipe A,120000,90000,90000,0,30000,Transfer,Supplier B,Selesai,13 Februari 2026,14 Februari 2026
1197,Tipe A,120000,90000,90000,0,30000,Transfer,Supplier B,Selesai,13 Februari 2026,14 Februari 2026
1198,Tipe A,125000,90000,90000,0,35000,Transfer,Supplier B,Selesai,13 Februari 2026,20 Februari 2026
1199,Tipe A,120000,90000,90000,0,30000,Transfer,Supplier B,Selesai,13 Februari 2026,14 Februari 2026
1200,Tipe A,120000,85000,85000,0,35000,Transfer,Supplier D,Selesai,14 Februari 2026,18 Februari 2026
1201,Tipe A,120000,85000,85000,0,35000,Transfer,Supplier D,Selesai,14 Februari 2026,19 Februari 2026
1202,Tipe A,120000,85000,85000,0,35000,Transfer,Supplier D,Selesai,14 Februari 2026,18 Februari 2026
1203,Tipe A,120000,85000,85000,0,35000,Transfer,Supplier D,Selesai,14 Februari 2026,18 Februari 2026
1204,Tipe A,110000,85000,85000,0,25000,Transfer,Supplier D,Selesai,14 Februari 2026,18 Februari 2026
1205,Tipe A,120000,85000,85000,0,35000,Transfer,Supplier D,Selesai,14 Februari 2026,18 Februari 2026
1206,Tipe A,120000,85000,85000,0,35000,Transfer,Supplier D,Selesai,14 Februari 2026,18 Februari 2026
1207,Tipe A,120000,85000,85000,0,35000,Transfer,Supplier D,Selesai,14 Februari 2026,18 Februari 2026
1208,Tipe A,120000,85000,85000,0,35000,Transfer,Supplier D,Selesai,15 Februari 2026,18 Februari 2026
1209,Tipe A,115000,85000,85000,0,30000,Transfer,Supplier D,Selesai,15 Februari 2026,18 Februari 2026
1210,Tipe A,115000,85000,85000,0,30000,Transfer,Supplier D,Selesai,16 Februari 2026,18 Februari 2026
1211,Tipe A,115000,85000,85000,0,30000,Transfer,Supplier D,Selesai,16 Februari 2026,18 Februari 2026
1212,Tipe A,165000,80000,80000,0,85000,Transfer,Supplier A,Selesai,15 Februari 2026,18 Februari 2026
1213,Tipe A,120000,80000,80000,0,40000,Transfer,Supplier A,Selesai,15 Februari 2026,18 Februari 2026
1214,Tipe A,125000,80000,80000,0,45000,Transfer,Supplier A,Selesai,15 Februari 2026,18 Februari 2026
1215,Tipe A,120000,80000,80000,0,40000,Transfer,Supplier A,Selesai,15 Februari 2026,18 Februari 2026
1216,Tipe A,120000,80000,80000,0,40000,Transfer,Supplier A,Selesai,15 Februari 2026,18 Februari 2026
1217,Tipe A,120000,80000,80000,0,40000,Transfer,Supplier A,Selesai,15 Februari 2026,18 Februari 2026
1218,Tipe A,120000,80000,80000,0,40000,Transfer,Supplier A,Selesai,15 Februari 2026,18 Februari 2026
1219,Tipe A,120000,80000,80000,0,40000,Transfer,Supplier A,Selesai,15 Februari 2026,18 Februari 2026
1220,Tipe A,120000,80000,80000,0,40000,Transfer,Supplier A,Selesai,16 Februari 2026,18 Februari 2026
1221,Tipe A,115000,80000,80000,0,35000,Transfer,Supplier A,Selesai,16 Februari 2026,18 Februari 2026
1222,Tipe A,115000,80000,80000,0,35000,Transfer,Supplier A,Selesai,16 Februari 2026,19 Februari 2026
1223,Tipe A,115000,80000,80000,0,35000,Transfer,Supplier A,Selesai,16 Februari 2026,19 Februari 2026
1224,Tipe A,130000,80000,80000,0,50000,Transfer,Supplier D,Selesai,16 Februari 2026,19 Februari 2026
1225,Tipe A,120000,80000,80000,0,40000,Transfer,Supplier A,Selesai,16 Februari 2026,20 Februari 2026
1226,Tipe A,115000,90000,90000,0,25000,Transfer,Supplier B,Selesai,16 Februari 2026,19 Februari 2026
1227,Tipe A,115000,90000,90000,0,25000,Transfer,Supplier B,Selesai,16 Februari 2026,19 Februari 2026
1228,Tipe A,115000,90000,90000,0,25000,Transfer,Supplier B,Selesai,16 Februari 2026,19 Februari 2026
1229,Tipe A,115000,90000,90000,0,25000,Transfer,Supplier B,Selesai,16 Februari 2026,19 Februari 2026
1230,Tipe A,165000,80000,80000,0,85000,Transfer,Supplier A,Selesai,17 Februari 2026,19 Februari 2026
1231,Tipe A,130000,80000,80000,0,50000,Transfer,Supplier A,Selesai,17 Februari 2026,19 Februari 2026
1232,Tipe A,115000,80000,80000,0,35000,Transfer,Supplier A,Selesai,17 Februari 2026,19 Februari 2026
1233,Tipe A,115000,80000,80000,0,35000,Transfer,Supplier A,Selesai,17 Februari 2026,19 Februari 2026
1234,Tipe A,115000,80000,80000,0,35000,Transfer,Supplier A,Selesai,17 Februari 2026,19 Februari 2026
1235,Tipe A,115000,80000,80000,0,35000,Transfer,Supplier A,Selesai,17 Februari 2026,19 Februari 2026
1236,Tipe A,115000,80000,80000,0,35000,Transfer,Supplier A,Selesai,18 Februari 2026,19 Februari 2026
1237,Tipe A,115000,80000,80000,0,35000,Transfer,Supplier A,Selesai,18 Februari 2026,19 Februari 2026
1238,Tipe A,115000,80000,80000,0,35000,Transfer,Supplier A,Selesai,18 Februari 2026,19 Februari 2026
1239,Tipe A,115000,80000,80000,0,35000,Transfer,Supplier A,Selesai,18 Februari 2026,19 Februari 2026
1240,Tipe A,115000,80000,80000,0,35000,Transfer,Supplier A,Selesai,18 Februari 2026,19 Februari 2026
1241,Tipe A,110000,85000,85000,0,25000,Transfer,Supplier B,Selesai,18 Februari 2026,19 Februari 2026
1242,Tipe A,115000,85000,85000,0,30000,Transfer,Supplier B,Selesai,18 Februari 2026,19 Februari 2026
1243,Tipe A,115000,85000,85000,0,30000,Transfer,Supplier B,Selesai,18 Februari 2026,19 Februari 2026
1244,Tipe A,115000,85000,85000,0,30000,Transfer,Supplier B,Selesai,18 Februari 2026,19 Februari 2026
1245,Tipe A,115000,85000,85000,0,30000,Transfer,Supplier B,Selesai,18 Februari 2026,19 Februari 2026
1246,Tipe A,115000,85000,85000,0,30000,Transfer,Supplier B,Selesai,18 Februari 2026,19 Februari 2026
1247,Tipe A,115000,85000,85000,0,30000,Transfer,Supplier D,Selesai,18 Februari 2026,19 Februari 2026
1248,Tipe A,115000,85000,85000,0,30000,Transfer,Supplier D,Selesai,18 Februari 2026,19 Februari 2026
1249,Tipe A,115000,85000,85000,0,30000,Transfer,Supplier D,Selesai,18 Februari 2026,19 Februari 2026
1250,Tipe A,115000,85000,85000,0,30000,Transfer,Supplier D,Selesai,18 Februari 2026,19 Februari 2026
1251,Tipe A,100000,70000,70000,0,30000,Transfer,Supplier C,Selesai,19 Februari 2026,20 Februari 2026
1252,Tipe A,100000,70000,70000,0,30000,Transfer,Supplier C,Selesai,19 Februari 2026,19 Februari 2026
1253,Tipe A,100000,70000,70000,0,30000,Transfer,Supplier C,Selesai,19 Februari 2026,19 Februari 2026
1254,Tipe A,100000,70000,70000,0,30000,Transfer,Supplier Lainnya,Selesai,19 Februari 2026,19 Februari 2026
1255,Tipe A,115000,75000,75000,0,40000,Transfer,Supplier A,Selesai,20 Februari 2026,20 Februari 2026
1256,Tipe A,185000,75000,75000,0,110000,Transfer,Supplier A,Selesai,20 Februari 2026,20 Februari 2026
1257,Tipe A,98000,75000,75000,0,23000,Transfer,Supplier A,Selesai,20 Februari 2026,20 Februari 2026
1258,Tipe A,100000,75000,75000,0,25000,Transfer,Supplier A,Selesai,20 Februari 2026,20 Februari 2026
1259,Tipe A,100000,75000,75000,0,25000,Transfer,Supplier A,Selesai,20 Februari 2026,20 Februari 2026
1260,Tipe A,98000,75000,75000,0,23000,Transfer,Supplier A,Selesai,20 Februari 2026,20 Februari 2026
1261,Tipe A,100000,73000,73000,0,27000,Transfer,Supplier C,Selesai,20 Februari 2026,20 Februari 2026
1262,Tipe A,100000,85000,85000,0,15000,Transfer,Supplier D,Selesai,21 Februari 2026,22 Februari 2026
1263,Tipe A,100000,85000,85000,0,15000,Transfer,Supplier D,Selesai,21 Februari 2026,22 Februari 2026
1264,Tipe A,100000,85000,85000,0,15000,Transfer,Supplier D,Selesai,21 Februari 2026,22 Februari 2026
1265,Tipe A,100000,85000,85000,0,15000,Transfer,Supplier D,Selesai,21 Februari 2026,22 Februari 2026
1266,Tipe A,97000,85000,85000,0,12000,Transfer,Supplier D,Selesai,21 Februari 2026,22 Februari 2026
1267,Tipe A,100000,75000,75000,0,25000,Transfer,Supplier A,Selesai,21 Februari 2026,24 Februari 2026
1268,Tipe A,100000,75000,75000,0,25000,Transfer,Supplier A,Selesai,21 Februari 2026,22 Februari 2026
1269,Tipe A,98000,75000,75000,0,23000,Transfer,Supplier A,Selesai,21 Februari 2026,22 Februari 2026
1270,Tipe A,100000,75000,75000,0,25000,Transfer,Supplier A,Selesai,21 Februari 2026,22 Februari 2026
1271,Tipe A,100000,75000,75000,0,25000,Transfer,Supplier A,Selesai,21 Februari 2026,22 Februari 2026
1272,Tipe A,100000,75000,75000,0,25000,Transfer,Supplier A,Selesai,21 Februari 2026,22 Februari 2026
1273,Tipe A,100000,80000,80000,0,20000,Transfer,Supplier B,Selesai,21 Februari 2026,22 Februari 2026
1274,Tipe A,100000,80000,80000,0,20000,Transfer,Supplier B,Selesai,21 Februari 2026,22 Februari 2026
1275,Tipe A,100000,80000,80000,0,20000,Transfer,Supplier B,Selesai,21 Februari 2026,22 Februari 2026
1276,Tipe A,100000,80000,80000,0,20000,Transfer,Supplier B,Selesai,21 Februari 2026,22 Februari 2026
1277,Tipe A,100000,80000,80000,0,20000,Transfer,Supplier B,Selesai,21 Februari 2026,22 Februari 2026
1278,Tipe A,100000,80000,80000,0,20000,Transfer,Supplier B,Selesai,21 Februari 2026,22 Februari 2026
1279,Tipe A,100000,80000,80000,0,20000,Transfer,Supplier B,Selesai,21 Februari 2026,22 Februari 2026
1280,Tipe A,100000,75000,75000,0,25000,Transfer,Supplier A,Selesai,22 Februari 2026,22 Februari 2026
1281,Tipe A,100000,75000,75000,0,25000,Transfer,Supplier A,Selesai,22 Februari 2026,22 Februari 2026
1282,Tipe A,100000,80000,80000,0,20000,Transfer,Supplier A,Selesai,22 Februari 2026,15 Maret 2026
1283,Tipe A,250000,75000,75000,0,175000,Transfer,Supplier A,Selesai,22 Februari 2026,22 Februari 2026
1284,Tipe A,105000,75000,75000,0,30000,Transfer,Supplier A,Selesai,22 Februari 2026,22 Februari 2026
1285,Tipe A,100000,75000,75000,0,25000,Transfer,Supplier A,Selesai,22 Februari 2026,22 Februari 2026
1286,Tipe A,100000,75000,75000,0,25000,Transfer,Supplier A,Selesai,22 Februari 2026,22 Februari 2026
1287,Tipe A,100000,73000,73000,0,27000,Transfer,Supplier C,Selesai,22 Februari 2026,22 Februari 2026
1288,Tipe A,98000,73000,73000,0,25000,Transfer,Supplier C,Selesai,22 Februari 2026,22 Februari 2026
1289,Tipe A,100000,73000,73000,0,27000,Transfer,Supplier C,Selesai,22 Februari 2026,22 Februari 2026
1290,Tipe A,100000,73000,73000,0,27000,Transfer,Supplier C,Selesai,22 Februari 2026,24 Februari 2026
1291,Tipe A,100000,80000,80000,0,20000,Transfer,Supplier D,Selesai,22 Februari 2026,22 Februari 2026
1292,Tipe A,100000,80000,80000,0,20000,Transfer,Supplier D,Selesai,22 Februari 2026,24 Februari 2026
1293,Tipe A,100000,80000,80000,0,20000,Transfer,Supplier D,Selesai,22 Februari 2026,24 Februari 2026
1294,Tipe A,100000,80000,80000,0,20000,Transfer,Supplier D,Selesai,22 Februari 2026,27 Februari 2026
1295,Tipe A,95000,80000,80000,0,15000,Transfer,Supplier D,Selesai,22 Februari 2026,24 Februari 2026
1296,Tipe A,100000,80000,80000,0,20000,Transfer,Supplier D,Selesai,22 Februari 2026,24 Februari 2026
1297,Tipe A,100000,75000,75000,0,25000,Transfer,Supplier A,Selesai,23 Februari 2026,24 Februari 2026
1298,Tipe A,97000,75000,75000,0,22000,Transfer,Supplier A,Selesai,23 Februari 2026,24 Februari 2026
1299,Tipe A,95000,75000,75000,0,20000,Transfer,Supplier A,Selesai,23 Februari 2026,24 Februari 2026
1300,Tipe A,100000,75000,75000,0,25000,Transfer,Supplier A,Selesai,23 Februari 2026,24 Februari 2026
1301,Tipe A,105000,75000,75000,0,30000,Transfer,Supplier A,Selesai,23 Februari 2026,24 Februari 2026
1302,Tipe A,100000,75000,75000,0,25000,Transfer,Supplier A,Selesai,23 Februari 2026,24 Februari 2026
1303,Tipe A,100000,75000,75000,0,25000,Transfer,Supplier A,Selesai,23 Februari 2026,24 Februari 2026
1304,Tipe A,100000,75000,75000,0,25000,Transfer,Supplier A,Selesai,23 Februari 2026,24 Februari 2026
1305,Tipe A,100000,75000,75000,0,25000,Transfer,Supplier A,Selesai,23 Februari 2026,24 Februari 2026
1306,Tipe A,100000,75000,75000,0,25000,Transfer,Supplier A,Selesai,23 Februari 2026,15 Maret 2026
1307,Tipe A,100000,75000,75000,0,25000,Transfer,Supplier A,Selesai,23 Februari 2026,24 Februari 2026
1308,Tipe A,100000,73000,73000,0,27000,Transfer,Supplier C,Selesai,24 Februari 2026,24 Februari 2026
1309,Tipe A,105000,73000,73000,0,32000,Transfer,Supplier C,Selesai,24 Februari 2026,24 Februari 2026
1310,Tipe A,125000,73000,73000,0,52000,Transfer,Supplier C,Selesai,24 Februari 2026,24 Februari 2026
1311,Tipe A,98000,73000,73000,0,25000,Transfer,Supplier C,Selesai,24 Februari 2026,24 Februari 2026
1312,Tipe A,98000,73000,73000,0,25000,Transfer,Supplier C,Selesai,24 Februari 2026,24 Februari 2026
1313,Tipe A,100000,73000,73000,0,27000,Transfer,Supplier C,Selesai,24 Februari 2026,24 Februari 2026
1314,Tipe A,105000,80000,80000,0,25000,Transfer,Supplier B,Selesai,24 Februari 2026,24 Februari 2026
1315,Tipe A,100000,80000,80000,0,20000,Transfer,Supplier B,Selesai,24 Februari 2026,24 Februari 2026
1316,Tipe A,100000,80000,80000,0,20000,Transfer,Supplier B,Selesai,24 Februari 2026,24 Februari 2026
1317,Tipe A,100000,80000,80000,0,20000,Transfer,Supplier B,Selesai,24 Februari 2026,24 Februari 2026
1318,Tipe A,100000,80000,80000,0,20000,Transfer,Supplier B,Selesai,24 Februari 2026,24 Februari 2026
1319,Tipe A,100000,80000,80000,0,20000,Transfer,Supplier B,Selesai,24 Februari 2026,24 Februari 2026
1320,Tipe A,95000,70000,70000,0,25000,Transfer,Supplier A,Selesai,25 Februari 2026,27 Februari 2026
1321,Tipe A,95000,70000,70000,0,25000,Transfer,Supplier A,Selesai,25 Februari 2026,27 Februari 2026
1322,Tipe A,95000,70000,70000,0,25000,Transfer,Supplier A,Selesai,25 Februari 2026,27 Februari 2026
1323,Tipe A,95000,70000,70000,0,25000,Transfer,Supplier A,Selesai,25 Februari 2026,27 Februari 2026
1324,Tipe A,95000,70000,70000,0,25000,Transfer,Supplier A,Selesai,25 Februari 2026,27 Februari 2026
1325,Tipe A,95000,70000,70000,0,25000,Transfer,Supplier A,Selesai,25 Februari 2026,27 Februari 2026
1326,Tipe A,95000,70000,70000,0,25000,Transfer,Supplier A,Selesai,26 Februari 2026,27 Februari 2026
1327,Tipe A,95000,70000,70000,0,25000,Transfer,Supplier A,Selesai,26 Februari 2026,27 Februari 2026
1328,Tipe A,95000,70000,70000,0,25000,Transfer,Supplier A,Selesai,26 Februari 2026,27 Februari 2026
1329,Tipe A,95000,70000,70000,0,25000,Transfer,Supplier A,Selesai,26 Februari 2026,27 Februari 2026
1330,Tipe A,95000,70000,70000,0,25000,Transfer,Supplier A,Selesai,26 Februari 2026,27 Februari 2026
1331,Tipe A,95000,70000,70000,0,25000,Transfer,Supplier A,Selesai,26 Februari 2026,27 Februari 2026
1332,Tipe A,95000,70000,70000,0,25000,Transfer,Supplier A,Selesai,26 Februari 2026,27 Februari 2026
1333,Tipe A,95000,70000,70000,0,25000,Transfer,Supplier A,Selesai,26 Februari 2026,27 Februari 2026
1334,Tipe A,95000,65000,65000,0,30000,Transfer,Supplier B,Selesai,26 Februari 2026,27 Februari 2026
1335,Tipe A,95000,65000,65000,0,30000,Transfer,Supplier B,Selesai,26 Februari 2026,27 Februari 2026
1336,Tipe A,95000,65000,65000,0,30000,Transfer,Supplier B,Selesai,26 Februari 2026,27 Februari 2026
1337,Tipe A,95000,73000,73000,0,22000,Transfer,Supplier C,Selesai,27 Februari 2026,27 Februari 2026
1338,Tipe A,95000,73000,73000,0,22000,Transfer,Supplier C,Selesai,27 Februari 2026,27 Februari 2026
1339,Tipe A,95000,73000,73000,0,22000,Transfer,Supplier B,Selesai,26 Februari 2026,27 Februari 2026
1340,Tipe A,95000,73000,73000,0,22000,Transfer,Supplier B,Selesai,27 Februari 2026,27 Februari 2026
1341,Tipe A,95000,70000,70000,0,25000,Transfer,Supplier B,Selesai,27 Februari 2026,27 Februari 2026
1342,Tipe A,95000,73000,73000,0,22000,Transfer,Supplier B,Selesai,27 Februari 2026,27 Februari 2026
1343,Tipe A,95000,65000,65000,0,30000,Transfer,Supplier B,Selesai,27 Februari 2026,28 Februari 2026
1344,Tipe A,90000,65000,65000,0,25000,Transfer,Supplier B,Selesai,27 Februari 2026,27 Februari 2026
1345,Tipe A,95000,65000,65000,0,30000,Transfer,Supplier B,Selesai,27 Februari 2026,27 Februari 2026
1346,Tipe A,95000,65000,65000,0,30000,Transfer,Supplier B,Selesai,27 Februari 2026,27 Februari 2026
1347,Tipe A,95000,70000,70000,0,25000,Transfer,Supplier A,Selesai,28 Februari 2026,2 Maret 2026
1348,Tipe A,95000,70000,70000,0,25000,Transfer,Supplier A,Selesai,28 Februari 2026,2 Maret 2026
1349,Tipe A,100000,70000,70000,0,30000,Transfer,Supplier A,Selesai,28 Februari 2026,2 Maret 2026
1350,Tipe A,95000,70000,70000,0,25000,Transfer,Supplier A,Selesai,28 Februari 2026,3 Maret 2026
1351,Tipe A,95000,70000,70000,0,25000,Transfer,Supplier A,Selesai,28 Februari 2026,2 Maret 2026
1352,Tipe A,95000,70000,70000,0,25000,Transfer,Supplier A,Selesai,28 Februari 2026,2 Maret 2026
1353,Tipe A,95000,65000,65000,0,30000,Transfer,Supplier B,Selesai,28 Februari 2026,2 Maret 2026
1354,Tipe A,95000,65000,65000,0,30000,Transfer,Supplier B,Selesai,28 Februari 2026,2 Maret 2026
1355,Tipe A,95000,65000,65000,0,30000,Transfer,Supplier B,Selesai,28 Februari 2026,2 Maret 2026
1356,Tipe A,90000,65000,65000,0,25000,Transfer,Supplier A,Selesai,28 Februari 2026,2 Maret 2026
1357,Tipe A,95000,65000,65000,0,30000,Transfer,Supplier B,Selesai,28 Februari 2026,15 Maret 2026
1358,Tipe A,95000,73000,73000,0,22000,Transfer,Supplier C,Selesai,1 Maret 2026,2 Maret 2026
1359,Tipe A,95000,73000,73000,0,22000,Transfer,Supplier C,Selesai,1 Maret 2026,2 Maret 2026
1360,Tipe A,95000,73000,73000,0,22000,Transfer,Supplier C,Selesai,1 Maret 2026,2 Maret 2026
1361,Tipe A,95000,73000,73000,0,22000,Transfer,Supplier C,Selesai,1 Maret 2026,2 Maret 2026
1362,Tipe A,95000,73000,73000,0,22000,Transfer,Supplier C,Selesai,1 Maret 2026,2 Maret 2026
1363,Tipe A,95000,73000,73000,0,22000,Transfer,Supplier C,Selesai,1 Maret 2026,2 Maret 2026
1364,Tipe A,95000,73000,73000,0,22000,Transfer,Supplier C,Selesai,1 Maret 2026,2 Maret 2026
1365,Tipe A,95000,73000,73000,0,22000,Transfer,Supplier C,Selesai,1 Maret 2026,2 Maret 2026
1366,Tipe A,95000,70000,70000,0,25000,Transfer,Supplier A,Selesai,1 Maret 2026,2 Maret 2026
1367,Tipe A,95000,70000,70000,0,25000,Transfer,Supplier A,Selesai,1 Maret 2026,2 Maret 2026
1368,Tipe A,95000,70000,70000,0,25000,Transfer,Supplier A,Selesai,1 Maret 2026,2 Maret 2026
1369,Tipe A,95000,70000,70000,0,25000,Transfer,Supplier A,Selesai,1 Maret 2026,3 Maret 2026
1370,Tipe A,95000,70000,70000,0,25000,Transfer,Supplier A,Selesai,1 Maret 2026,2 Maret 2026
1371,Tipe A,95000,70000,70000,0,25000,Transfer,Supplier A,Selesai,1 Maret 2026,2 Maret 2026
1372,Tipe A,95000,70000,70000,0,25000,Transfer,Supplier A,Selesai,2 Maret 2026,3 Maret 2026
1373,Tipe A,100000,70000,70000,0,30000,Transfer,Supplier A,Selesai,2 Maret 2026,3 Maret 2026
1374,Tipe A,95000,70000,70000,0,25000,Transfer,Supplier A,Selesai,2 Maret 2026,3 Maret 2026
1375,Tipe A,95000,70000,70000,0,25000,Transfer,Supplier A,Selesai,2 Maret 2026,3 Maret 2026
1376,Tipe A,95000,70000,70000,0,25000,Transfer,Supplier A,Selesai,2 Maret 2026,3 Maret 2026
1377,Tipe A,95000,70000,70000,0,25000,Transfer,Supplier A,Selesai,2 Maret 2026,3 Maret 2026
1378,Tipe A,95000,70000,70000,0,25000,Transfer,Supplier A,Selesai,2 Maret 2026,3 Maret 2026
1379,Tipe A,95000,70000,70000,0,25000,Transfer,Supplier A,Selesai,2 Maret 2026,3 Maret 2026
1380,Tipe A,95000,73000,73000,0,22000,Transfer,Supplier C,Selesai,3 Maret 2026,3 Maret 2026
1381,Tipe A,95000,73000,73000,0,22000,Transfer,Supplier C,Selesai,3 Maret 2026,3 Maret 2026
1382,Tipe A,95000,73000,73000,0,22000,Transfer,Supplier C,Selesai,3 Maret 2026,3 Maret 2026
1383,Tipe A,95000,73000,73000,0,22000,Transfer,Supplier C,Selesai,3 Maret 2026,3 Maret 2026
1384,Tipe A,95000,73000,73000,0,22000,Transfer,Supplier C,Selesai,3 Maret 2026,3 Maret 2026
1385,Tipe A,95000,73000,73000,0,22000,Transfer,Supplier C,Selesai,3 Maret 2026,3 Maret 2026
1386,Tipe A,95000,73000,73000,0,22000,Transfer,Supplier C,Selesai,3 Maret 2026,3 Maret 2026
1387,Tipe A,95000,65000,65000,0,30000,Transfer,Supplier A,Selesai,3 Maret 2026,3 Maret 2026
1388,Tipe A,95000,65000,65000,0,30000,Transfer,Supplier A,Selesai,3 Maret 2026,3 Maret 2026
1389,Tipe A,110000,65000,65000,0,45000,Transfer,Supplier A,Selesai,3 Maret 2026,3 Maret 2026
1390,Tipe A,95000,65000,65000,0,30000,Transfer,Supplier A,Selesai,3 Maret 2026,3 Maret 2026
1391,Tipe A,95000,65000,65000,0,30000,Transfer,Supplier A,Selesai,3 Maret 2026,7 Maret 2026
1392,Tipe A,95000,65000,65000,0,30000,Transfer,Supplier A,Selesai,3 Maret 2026,3 Maret 2026
1393,Tipe A,95000,65000,65000,0,30000,Transfer,Supplier A,Selesai,3 Maret 2026,3 Maret 2026
1394,Tipe A,95000,60000,60000,0,35000,Transfer,Supplier B,Selesai,3 Maret 2026,4 Maret 2026
1395,Tipe A,95000,60000,60000,0,35000,Transfer,Supplier B,Selesai,3 Maret 2026,4 Maret 2026
1396,Tipe A,90000,60000,60000,0,30000,Transfer,Supplier B,Selesai,3 Maret 2026,5 Maret 2026
1397,Tipe A,95000,60000,60000,0,35000,Transfer,Supplier B,Selesai,3 Maret 2026,4 Maret 2026
1398,Tipe A,95000,60000,60000,0,35000,Transfer,Supplier B,Selesai,3 Maret 2026,4 Maret 2026
1399,Tipe A,95000,60000,60000,0,35000,Transfer,Supplier B,Selesai,3 Maret 2026,4 Maret 2026
1400,Tipe A,95000,60000,60000,0,35000,Transfer,Supplier B,Selesai,3 Maret 2026,4 Maret 2026
1401,Tipe A,95000,60000,60000,0,35000,Transfer,Supplier B,Selesai,3 Maret 2026,4 Maret 2026
1402,Tipe A,95000,60000,60000,0,35000,Transfer,Supplier B,Selesai,3 Maret 2026,4 Maret 2026
1403,Tipe A,95000,75000,75000,0,20000,Transfer,Supplier D,Selesai,4 Maret 2026,7 Maret 2026
1404,Tipe A,95000,75000,75000,0,20000,Transfer,Supplier D,Selesai,4 Maret 2026,4 Maret 2026
1405,Tipe A,95000,75000,75000,0,20000,Transfer,Supplier D,Selesai,4 Maret 2026,6 Maret 2026
1406,Tipe A,95000,75000,75000,0,20000,Transfer,Supplier D,Selesai,4 Maret 2026,4 Maret 2026
1407,Tipe A,95000,75000,75000,0,20000,Transfer,Supplier D,Selesai,4 Maret 2026,4 Maret 2026
1408,Tipe A,95000,75000,75000,0,20000,Transfer,Supplier D,Selesai,4 Maret 2026,4 Maret 2026
1409,Tipe A,95000,75000,75000,0,20000,Transfer,Supplier D,Selesai,4 Maret 2026,4 Maret 2026
1410,Tipe A,95000,75000,75000,0,20000,Transfer,Supplier D,Selesai,4 Maret 2026,4 Maret 2026
1411,Tipe A,95000,75000,75000,0,20000,Transfer,Supplier D,Selesai,4 Maret 2026,4 Maret 2026
1412,Tipe A,95000,75000,75000,0,20000,Transfer,Supplier D,Selesai,4 Maret 2026,4 Maret 2026
1413,Tipe A,95000,75000,75000,0,20000,Transfer,Supplier D,Selesai,4 Maret 2026,4 Maret 2026
1414,Tipe A,95000,75000,75000,0,20000,Transfer,Supplier D,Selesai,4 Maret 2026,5 Maret 2026
1415,Tipe A,95000,65000,65000,0,30000,Transfer,Supplier A,Selesai,4 Maret 2026,4 Maret 2026
1416,Tipe A,95000,65000,65000,0,30000,Transfer,Supplier A,Selesai,4 Maret 2026,4 Maret 2026
1417,Tipe A,95000,65000,65000,0,30000,Transfer,Supplier A,Selesai,4 Maret 2026,4 Maret 2026
1418,Tipe A,95000,65000,65000,0,30000,Transfer,Supplier A,Selesai,4 Maret 2026,4 Maret 2026
1419,Tipe A,95000,65000,65000,0,30000,Transfer,Supplier A,Selesai,4 Maret 2026,4 Maret 2026
1420,Tipe A,95000,65000,65000,0,30000,Transfer,Supplier A,Selesai,4 Maret 2026,4 Maret 2026
1421,Tipe A,95000,65000,65000,0,30000,Transfer,Supplier A,Selesai,4 Maret 2026,4 Maret 2026
1422,Tipe A,95000,73000,73000,0,22000,Transfer,Supplier C,Selesai,5 Maret 2026,5 Maret 2026
1423,Tipe A,95000,73000,73000,0,22000,Transfer,Supplier C,Selesai,5 Maret 2026,5 Maret 2026
1424,Tipe A,95000,73000,73000,0,22000,Transfer,Supplier C,Selesai,5 Maret 2026,7 Maret 2026
1425,Tipe A,95000,73000,73000,0,22000,Transfer,Supplier C,Selesai,5 Maret 2026,5 Maret 2026
1426,Tipe A,95000,73000,73000,0,22000,Transfer,Supplier C,Selesai,5 Maret 2026,5 Maret 2026
1427,Tipe A,95000,73000,73000,0,22000,Transfer,Supplier C,Selesai,5 Maret 2026,5 Maret 2026
1428,Tipe A,95000,65000,65000,0,30000,Transfer,Supplier A,Selesai,5 Maret 2026,5 Maret 2026
1429,Tipe A,94000,65000,65000,0,29000,Transfer,Supplier A,Selesai,5 Maret 2026,5 Maret 2026
1430,Tipe A,95000,65000,65000,0,30000,Transfer,Supplier A,Selesai,5 Maret 2026,5 Maret 2026
1431,Tipe A,95000,65000,65000,0,30000,Transfer,Supplier A,Selesai,5 Maret 2026,5 Maret 2026
1432,Tipe A,95000,65000,65000,0,30000,Transfer,Supplier A,Selesai,5 Maret 2026,5 Maret 2026
1433,Tipe A,95000,65000,65000,0,30000,Transfer,Supplier A,Selesai,5 Maret 2026,5 Maret 2026
1434,Tipe A,95000,65000,65000,0,30000,Transfer,Supplier A,Selesai,5 Maret 2026,5 Maret 2026
1435,Tipe A,95000,73000,73000,0,22000,Transfer,Supplier C,Selesai,6 Maret 2026,7 Maret 2026
1436,Tipe A,95000,73000,73000,0,22000,Transfer,Supplier C,Selesai,6 Maret 2026,6 Maret 2026
1437,Tipe A,95000,73000,73000,0,22000,Transfer,Supplier C,Selesai,6 Maret 2026,7 Maret 2026
1438,Tipe A,95000,73000,73000,0,22000,Transfer,Supplier C,Selesai,6 Maret 2026,6 Maret 2026
1439,Tipe A,95000,73000,73000,0,22000,Transfer,Supplier C,Selesai,6 Maret 2026,6 Maret 2026
1440,Tipe A,95000,73000,73000,0,22000,Transfer,Supplier C,Selesai,6 Maret 2026,6 Maret 2026
1441,Tipe A,95000,73000,73000,0,22000,Transfer,Supplier C,Selesai,6 Maret 2026,6 Maret 2026
1442,Tipe A,95000,73000,73000,0,22000,Transfer,Supplier C,Selesai,6 Maret 2026,6 Maret 2026
1443,Tipe A,95000,65000,65000,0,30000,Transfer,Supplier B,Selesai,6 Maret 2026,7 Maret 2026
1444,Tipe A,95000,65000,65000,0,30000,Transfer,Supplier B,Selesai,6 Maret 2026,6 Maret 2026
1445,Tipe A,95000,65000,65000,0,30000,Transfer,Supplier B,Selesai,6 Maret 2026,6 Maret 2026
1446,Tipe A,95000,65000,65000,0,30000,Transfer,Supplier B,Selesai,6 Maret 2026,6 Maret 2026
1447,Tipe A,95000,65000,65000,0,30000,Transfer,Supplier B,Selesai,6 Maret 2026,6 Maret 2026
1448,Tipe A,95000,65000,65000,0,30000,Transfer,Supplier A,Selesai,7 Maret 2026,17 Maret 2026
1449,Tipe A,95000,65000,65000,0,30000,Transfer,Supplier A,Selesai,7 Maret 2026,7 Maret 2026
1450,Tipe A,95000,65000,65000,0,30000,Transfer,Supplier A,Selesai,7 Maret 2026,7 Maret 2026
1451,Tipe A,95000,65000,65000,0,30000,Transfer,Supplier A,Selesai,7 Maret 2026,7 Maret 2026
1452,Tipe A,95000,65000,65000,0,30000,Transfer,Supplier A,Selesai,7 Maret 2026,7 Maret 2026
1453,Tipe A,95000,65000,65000,0,30000,Transfer,Supplier A,Selesai,7 Maret 2026,7 Maret 2026
1454,Tipe A,95000,65000,65000,0,30000,Transfer,Supplier A,Selesai,7 Maret 2026,7 Maret 2026
1455,Tipe A,1,65000,65000,0,64999,Transfer,Supplier A,Selesai,7 Maret 2026,7 Maret 2026
1456,Tipe A,95000,65000,65000,0,30000,Transfer,Supplier A,Selesai,7 Maret 2026,7 Maret 2026
1457,Tipe A,95000,65000,65000,0,30000,Transfer,Supplier A,Selesai,7 Maret 2026,7 Maret 2026
1458,Tipe A,95000,65000,65000,0,30000,Transfer,Supplier B,Selesai,7 Maret 2026,15 Maret 2026
1459,Tipe A,95000,65000,65000,0,30000,Transfer,Supplier B,Selesai,7 Maret 2026,7 Maret 2026
1460,Tipe A,95000,65000,65000,0,30000,Transfer,Supplier B,Selesai,7 Maret 2026,7 Maret 2026
1461,Tipe A,95000,65000,65000,0,30000,Transfer,Supplier B,Selesai,7 Maret 2026,7 Maret 2026
1462,Tipe A,95000,65000,65000,0,30000,Transfer,Supplier B,Selesai,7 Maret 2026,7 Maret 2026
1463,Tipe A,95000,65000,65000,0,30000,Transfer,Supplier B,Selesai,7 Maret 2026,7 Maret 2026
1464,Tipe A,95000,65000,65000,0,30000,Transfer,Supplier A,Selesai,8 Maret 2026,8 Maret 2026
1465,Tipe A,95000,65000,65000,0,30000,Transfer,Supplier A,Selesai,8 Maret 2026,8 Maret 2026
1466,Tipe A,95000,65000,65000,0,30000,Transfer,Supplier A,Selesai,8 Maret 2026,8 Maret 2026
1467,Tipe A,95000,65000,65000,0,30000,Transfer,Supplier A,Selesai,8 Maret 2026,8 Maret 2026
1468,Tipe A,95000,65000,65000,0,30000,Transfer,Supplier A,Selesai,8 Maret 2026,8 Maret 2026
1469,Tipe A,95000,65000,65000,0,30000,Transfer,Supplier C,Selesai,8 Maret 2026,8 Maret 2026
1470,Tipe A,95000,65000,65000,0,30000,Transfer,Supplier C,Selesai,8 Maret 2026,8 Maret 2026
1471,Tipe A,95000,65000,65000,0,30000,Transfer,Supplier C,Selesai,8 Maret 2026,8 Maret 2026
1472,Tipe A,95000,65000,65000,0,30000,Transfer,Supplier C,Selesai,8 Maret 2026,8 Maret 2026
1473,Tipe A,95000,65000,65000,0,30000,Transfer,Supplier C,Selesai,8 Maret 2026,8 Maret 2026
1474,Tipe A,95000,65000,65000,0,30000,Transfer,Supplier C,Selesai,8 Maret 2026,8 Maret 2026
1475,Tipe A,95000,65000,65000,0,30000,Transfer,Supplier C,Selesai,8 Maret 2026,8 Maret 2026
1476,Tipe A,95000,65000,65000,0,30000,Transfer,Supplier C,Selesai,8 Maret 2026,8 Maret 2026
1477,Tipe A,95000,65000,65000,0,30000,Transfer,Supplier B,Selesai,8 Maret 2026,8 Maret 2026
1478,Tipe A,95000,65000,65000,0,30000,Transfer,Supplier B,Selesai,8 Maret 2026,8 Maret 2026
1479,Tipe A,95000,65000,65000,0,30000,Transfer,Supplier B,Selesai,8 Maret 2026,8 Maret 2026
1480,Tipe A,95000,65000,65000,0,30000,Transfer,Supplier B,Selesai,8 Maret 2026,8 Maret 2026
1481,Tipe A,95000,65000,65000,0,30000,Transfer,Supplier B,Selesai,8 Maret 2026,8 Maret 2026
1482,Tipe A,95000,65000,65000,0,30000,Transfer,Supplier B,Selesai,8 Maret 2026,8 Maret 2026
1483,Tipe A,95000,73000,73000,0,22000,Transfer,Supplier C,Selesai,9 Maret 2026,9 Maret 2026
1484,Tipe A,100000,73000,73000,0,27000,Transfer,Supplier C,Selesai,9 Maret 2026,9 Maret 2026
1485,Tipe A,95000,65000,65000,0,30000,Transfer,Supplier B,Selesai,9 Maret 2026,9 Maret 2026
1486,Tipe A,95000,65000,65000,0,30000,Transfer,Supplier B,Selesai,9 Maret 2026,9 Maret 2026
1487,Tipe A,95000,65000,65000,0,30000,Transfer,Supplier B,Selesai,9 Maret 2026,9 Maret 2026
1488,Tipe A,95000,65000,65000,0,30000,Transfer,Supplier B,Selesai,9 Maret 2026,9 Maret 2026
1489,Tipe A,95000,65000,65000,0,30000,Transfer,Supplier B,Selesai,9 Maret 2026,11 Maret 2026
1490,Tipe A,95000,65000,65000,0,30000,Transfer,Supplier B,Selesai,9 Maret 2026,9 Maret 2026
1491,Tipe A,95000,65000,65000,0,30000,Transfer,Supplier B,Selesai,9 Maret 2026,9 Maret 2026
1492,Tipe A,95000,65000,65000,0,30000,Transfer,Supplier B,Selesai,9 Maret 2026,11 Maret 2026
1493,Tipe A,95000,65000,65000,0,30000,Transfer,Supplier B,Selesai,9 Maret 2026,11 Maret 2026
1494,Tipe A,95000,65000,65000,0,30000,Transfer,Supplier B,Selesai,9 Maret 2026,11 Maret 2026
1495,Tipe A,95000,65000,65000,0,30000,Transfer,Supplier B,Selesai,9 Maret 2026,15 Maret 2026
1496,Tipe A,95000,65000,65000,0,30000,Transfer,Supplier A,Selesai,10 Maret 2026,11 Maret 2026
1497,Tipe A,90000,65000,65000,0,25000,Transfer,Supplier A,Selesai,10 Maret 2026,11 Maret 2026
1498,Tipe A,95000,65000,65000,0,30000,Transfer,Supplier A,Selesai,10 Maret 2026,11 Maret 2026
1499,Tipe A,95000,65000,65000,0,30000,Transfer,Supplier A,Selesai,10 Maret 2026,11 Maret 2026
1500,Tipe A,95000,65000,65000,0,30000,Transfer,Supplier A,Selesai,10 Maret 2026,11 Maret 2026
1501,Tipe A,95000,65000,65000,0,30000,Transfer,Supplier A,Selesai,10 Maret 2026,11 Maret 2026
1502,Tipe A,95000,65000,65000,0,30000,Transfer,Supplier A,Selesai,10 Maret 2026,11 Maret 2026
1503,Tipe A,300000,65000,65000,0,235000,Transfer,Supplier A,Selesai,10 Maret 2026,11 Maret 2026
1504,Tipe A,95000,65000,65000,0,30000,Transfer,Supplier A,Selesai,10 Maret 2026,11 Maret 2026
1505,Tipe A,95000,73000,73000,0,22000,Transfer,Supplier C,Selesai,11 Maret 2026,11 Maret 2026
1506,Tipe A,95000,73000,73000,0,22000,Transfer,Supplier C,Selesai,11 Maret 2026,15 Maret 2026
1507,Tipe A,95000,73000,73000,0,22000,Transfer,Supplier C,Selesai,11 Maret 2026,11 Maret 2026
1508,Tipe A,95000,73000,73000,0,22000,Transfer,Supplier C,Selesai,11 Maret 2026,11 Maret 2026
1509,Tipe A,95000,73000,73000,0,22000,Transfer,Supplier C,Selesai,11 Maret 2026,11 Maret 2026
1510,Tipe A,95000,65000,65000,0,30000,Transfer,Supplier B,Selesai,10 Maret 2026,12 Maret 2026
1511,Tipe A,95000,65000,65000,0,30000,Transfer,Supplier B,Selesai,10 Maret 2026,12 Maret 2026
1512,Tipe A,95000,65000,65000,0,30000,Transfer,Supplier B,Selesai,10 Maret 2026,12 Maret 2026
1513,Tipe A,95000,65000,65000,0,30000,Transfer,Supplier B,Selesai,10 Maret 2026,12 Maret 2026
1514,Tipe A,95000,65000,65000,0,30000,Transfer,Supplier A,Selesai,11 Maret 2026,13 Maret 2026
1515,Tipe A,95000,65000,65000,0,30000,Transfer,Supplier A,Selesai,11 Maret 2026,13 Maret 2026
1516,Tipe A,95000,65000,65000,0,30000,Transfer,Supplier A,Selesai,11 Maret 2026,15 Maret 2026
1517,Tipe A,95000,65000,65000,0,30000,Transfer,Supplier A,Selesai,11 Maret 2026,13 Maret 2026
1518,Tipe A,95000,65000,65000,0,30000,Transfer,Supplier A,Selesai,11 Maret 2026,13 Maret 2026
1519,Tipe A,95000,65000,65000,0,30000,Transfer,Supplier A,Selesai,11 Maret 2026,13 Maret 2026
1520,Tipe A,95000,65000,65000,0,30000,Transfer,Supplier A,Selesai,11 Maret 2026,15 Maret 2026
1521,Tipe A,95000,65000,65000,0,30000,Transfer,Supplier A,Selesai,11 Maret 2026,13 Maret 2026
1522,Tipe A,95000,65000,65000,0,30000,Transfer,Supplier A,Selesai,11 Maret 2026,13 Maret 2026
1523,Tipe A,95000,65000,65000,0,30000,Transfer,Supplier A,Selesai,12 Maret 2026,13 Maret 2026
1524,Tipe A,95000,65000,65000,0,30000,Transfer,Supplier A,Selesai,12 Maret 2026,13 Maret 2026
1525,Tipe A,95000,65000,65000,0,30000,Transfer,Supplier A,Selesai,12 Maret 2026,13 Maret 2026
1526,Tipe A,95000,65000,65000,0,30000,Transfer,Supplier A,Selesai,12 Maret 2026,13 Maret 2026
1527,Tipe A,95000,65000,65000,0,30000,Transfer,Supplier A,Selesai,12 Maret 2026,13 Maret 2026
1528,Tipe A,95000,65000,65000,0,30000,Transfer,Supplier A,Selesai,12 Maret 2026,13 Maret 2026
1529,Tipe A,95000,65000,65000,0,30000,Transfer,Supplier A,Selesai,12 Maret 2026,13 Maret 2026
1530,Tipe A,95000,65000,65000,0,30000,Transfer,Supplier A,Selesai,12 Maret 2026,13 Maret 2026
1531,Tipe A,95000,65000,65000,0,30000,Transfer,Supplier A,Selesai,12 Maret 2026,13 Maret 2026
1532,Tipe A,95000,65000,65000,0,30000,Transfer,Supplier A,Selesai,12 Maret 2026,13 Maret 2026
1533,Tipe A,95000,65000,65000,0,30000,Transfer,Supplier A,Selesai,12 Maret 2026,13 Maret 2026
1534,Tipe A,95000,73000,73000,0,22000,Transfer,Supplier C,Selesai,13 Maret 2026,13 Maret 2026
1535,Tipe A,95000,73000,73000,0,22000,Transfer,Supplier C,Selesai,13 Maret 2026,13 Maret 2026
1536,Tipe A,95000,73000,73000,0,22000,Transfer,Supplier C,Selesai,13 Maret 2026,13 Maret 2026
1537,Tipe A,95000,73000,73000,0,22000,Transfer,Supplier C,Selesai,13 Maret 2026,13 Maret 2026
1538,Tipe A,95000,73000,73000,0,22000,Transfer,Supplier C,Selesai,13 Maret 2026,13 Maret 2026
1539,Tipe A,95000,73000,73000,0,22000,Transfer,Supplier C,Selesai,13 Maret 2026,13 Maret 2026
1540,Tipe A,95000,73000,73000,0,22000,Transfer,Supplier C,Selesai,13 Maret 2026,15 Maret 2026
1541,Tipe A,95000,73000,73000,0,22000,Transfer,Supplier C,Selesai,13 Maret 2026,13 Maret 2026
1542,Tipe A,95000,73000,73000,0,22000,Transfer,Supplier C,Selesai,13 Maret 2026,13 Maret 2026
1543,Tipe A,95000,65000,65000,0,30000,Transfer,Supplier A,Selesai,13 Maret 2026,13 Maret 2026
1544,Tipe A,95000,65000,65000,0,30000,Transfer,Supplier A,Selesai,13 Maret 2026,13 Maret 2026
1545,Tipe A,95000,65000,65000,0,30000,Transfer,Supplier A,Selesai,13 Maret 2026,13 Maret 2026
1546,Tipe A,95000,65000,65000,0,30000,Transfer,Supplier A,Selesai,13 Maret 2026,13 Maret 2026
1547,Tipe A,95000,65000,65000,0,30000,Transfer,Supplier A,Selesai,13 Maret 2026,13 Maret 2026
1548,Tipe A,95000,65000,65000,0,30000,Transfer,Supplier A,Selesai,13 Maret 2026,13 Maret 2026
1549,Tipe A,95000,65000,65000,0,30000,Transfer,Supplier A,Selesai,14 Maret 2026,15 Maret 2026
1550,Tipe A,95000,65000,65000,0,30000,Transfer,Supplier A,Selesai,14 Maret 2026,15 Maret 2026
1551,Tipe A,95000,65000,65000,0,30000,Transfer,Supplier A,Selesai,14 Maret 2026,15 Maret 2026
1552,Tipe A,95000,65000,65000,0,30000,Transfer,Supplier A,Selesai,14 Maret 2026,15 Maret 2026
1553,Tipe A,95000,70000,70000,0,25000,Transfer,Supplier D,Selesai,14 Maret 2026,15 Maret 2026
1554,Tipe A,95000,70000,70000,0,25000,Transfer,Supplier D,Selesai,14 Maret 2026,15 Maret 2026
1555,Tipe A,95000,70000,70000,0,25000,Transfer,Supplier D,Selesai,14 Maret 2026,15 Maret 2026
1556,Tipe A,95000,70000,70000,0,25000,Transfer,Supplier D,Selesai,14 Maret 2026,15 Maret 2026
1557,Tipe A,95000,73000,73000,0,22000,Transfer,Supplier C,Selesai,14 Maret 2026,15 Maret 2026
1558,Tipe A,95000,73000,73000,0,22000,Transfer,Supplier C,Selesai,14 Maret 2026,15 Maret 2026
1559,Tipe A,95000,73000,73000,0,22000,Transfer,Supplier C,Selesai,14 Maret 2026,15 Maret 2026
1560,Tipe A,95000,73000,73000,0,22000,Transfer,Supplier C,Selesai,14 Maret 2026,15 Maret 2026
1561,Tipe A,95000,73000,73000,0,22000,Transfer,Supplier C,Selesai,14 Maret 2026,15 Maret 2026
1562,Tipe A,95000,73000,73000,0,22000,Transfer,Supplier C,Selesai,14 Maret 2026,15 Maret 2026
1563,Tipe A,95000,73000,73000,0,22000,Transfer,Supplier C,Selesai,15 Maret 2026,16 Maret 2026
1564,Tipe A,95000,73000,73000,0,22000,Transfer,Supplier C,Selesai,15 Maret 2026,15 Maret 2026
1565,Tipe A,95000,73000,73000,0,22000,Transfer,Supplier C,Selesai,15 Maret 2026,15 Maret 2026
1566,Tipe A,95000,73000,73000,0,22000,Transfer,Supplier C,Selesai,15 Maret 2026,15 Maret 2026
1567,Tipe A,85000,73000,73000,0,12000,Transfer,Supplier C,Selesai,15 Maret 2026,15 Maret 2026
1568,Tipe A,95000,73000,73000,0,22000,Transfer,Supplier C,Selesai,15 Maret 2026,15 Maret 2026
1569,Tipe A,95000,73000,73000,0,22000,Transfer,Supplier C,Selesai,15 Maret 2026,15 Maret 2026
1570,Tipe A,95000,73000,73000,0,22000,Transfer,Supplier C,Selesai,15 Maret 2026,15 Maret 2026
1571,Tipe A,95000,65000,65000,0,30000,Transfer,Supplier A,Selesai,15 Maret 2026,15 Maret 2026
1572,Tipe A,95000,65000,65000,0,30000,Transfer,Supplier A,Selesai,15 Maret 2026,15 Maret 2026
1573,Tipe A,250000,65000,65000,0,185000,Transfer,Supplier A,Selesai,15 Maret 2026,15 Maret 2026
1574,Tipe A,95000,65000,65000,0,30000,Transfer,Supplier A,Selesai,15 Maret 2026,15 Maret 2026
1575,Tipe A,100000,65000,65000,0,35000,Transfer,Supplier A,Selesai,15 Maret 2026,15 Maret 2026
1576,Tipe A,95000,65000,65000,0,30000,Transfer,Supplier A,Selesai,15 Maret 2026,15 Maret 2026
1577,Tipe A,95000,65000,65000,0,30000,Transfer,Supplier A,Selesai,15 Maret 2026,15 Maret 2026
1578,Tipe A,95000,65000,65000,0,30000,Transfer,Supplier A,Selesai,15 Maret 2026,15 Maret 2026
1579,Tipe A,95000,65000,65000,0,30000,Transfer,Supplier A,Selesai,15 Maret 2026,15 Maret 2026
1580,Tipe A,90000,65000,65000,0,25000,Transfer,Supplier A,Selesai,15 Maret 2026,15 Maret 2026
1581,Tipe A,95000,65000,65000,0,30000,Transfer,Supplier A,Selesai,15 Maret 2026,15 Maret 2026
1582,Tipe A,95000,65000,65000,0,30000,Transfer,Supplier A,Selesai,15 Maret 2026,15 Maret 2026
1583,Tipe A,95000,65000,65000,0,30000,Transfer,Supplier A,Selesai,16 Maret 2026,16 Maret 2026
1584,Tipe A,95000,65000,65000,0,30000,Transfer,Supplier A,Selesai,16 Maret 2026,16 Maret 2026
1585,Tipe A,95000,65000,65000,0,30000,Transfer,Supplier A,Selesai,16 Maret 2026,20 Maret 2026
1586,Tipe A,95000,65000,65000,0,30000,Transfer,Supplier A,Selesai,16 Maret 2026,16 Maret 2026
1587,Tipe A,95000,65000,65000,0,30000,Transfer,Supplier A,Selesai,16 Maret 2026,16 Maret 2026
1588,Tipe A,95000,65000,65000,0,30000,Transfer,Supplier A,Selesai,16 Maret 2026,16 Maret 2026
1589,Tipe A,95000,65000,65000,0,30000,Transfer,Supplier A,Selesai,16 Maret 2026,16 Maret 2026
1590,Tipe A,95000,65000,65000,0,30000,Transfer,Supplier A,Selesai,16 Maret 2026,18 Maret 2026
1591,Tipe A,95000,65000,65000,0,30000,Transfer,Supplier B,Selesai,16 Maret 2026,16 Maret 2026
1592,Tipe A,95000,65000,65000,0,30000,Transfer,Supplier B,Selesai,16 Maret 2026,16 Maret 2026
1593,Tipe A,95000,65000,65000,0,30000,Transfer,Supplier B,Selesai,16 Maret 2026,16 Maret 2026
1594,Tipe A,95000,70000,70000,0,25000,Transfer,Supplier D,Selesai,16 Maret 2026,16 Maret 2026
1595,Tipe A,95000,70000,70000,0,25000,Transfer,Supplier D,Selesai,16 Maret 2026,16 Maret 2026
1596,Tipe A,95000,70000,70000,0,25000,Transfer,Supplier D,Selesai,16 Maret 2026,18 Maret 2026
1597,Tipe A,95000,70000,70000,0,25000,Transfer,Supplier D,Selesai,16 Maret 2026,16 Maret 2026
1598,Tipe A,95000,70000,70000,0,25000,Transfer,Supplier D,Selesai,16 Maret 2026,16 Maret 2026
1599,Tipe A,95000,70000,70000,0,25000,Transfer,Supplier D,Selesai,16 Maret 2026,16 Maret 2026
1600,Tipe A,95000,70000,70000,0,25000,Transfer,Supplier D,Selesai,16 Maret 2026,16 Maret 2026
1601,Tipe A,95000,70000,70000,0,25000,Transfer,Supplier D,Selesai,16 Maret 2026,16 Maret 2026
1602,Tipe A,95000,70000,70000,0,25000,Transfer,Supplier D,Selesai,16 Maret 2026,16 Maret 2026
1603,Tipe A,95000,70000,70000,0,25000,Transfer,Supplier D,Selesai,16 Maret 2026,17 Maret 2026
1604,Tipe A,95000,73000,73000,0,22000,Transfer,Supplier C,Selesai,17 Maret 2026,17 Maret 2026
1605,Tipe A,95000,73000,73000,0,22000,Transfer,Supplier C,Selesai,17 Maret 2026,17 Maret 2026
1606,Tipe A,95000,73000,73000,0,22000,Transfer,Supplier C,Selesai,17 Maret 2026,17 Maret 2026
1607,Tipe A,95000,73000,73000,0,22000,Transfer,Supplier C,Selesai,17 Maret 2026,17 Maret 2026
1608,Tipe A,95000,73000,73000,0,22000,Transfer,Supplier C,Selesai,17 Maret 2026,17 Maret 2026
1609,Tipe A,85000,73000,73000,0,12000,Transfer,Supplier C,Selesai,17 Maret 2026,17 Maret 2026
1610,Tipe A,95000,73000,73000,0,22000,Transfer,Supplier C,Selesai,17 Maret 2026,17 Maret 2026
1611,Tipe A,100000,73000,73000,0,27000,Transfer,Supplier C,Selesai,17 Maret 2026,20 Maret 2026
1612,Tipe A,95000,73000,73000,0,22000,Transfer,Supplier C,Selesai,17 Maret 2026,18 Maret 2026
1613,Tipe A,100000,73000,73000,0,27000,Transfer,Supplier C,Selesai,17 Maret 2026,18 Maret 2026
1614,Tipe A,95000,65000,65000,0,30000,Transfer,Supplier A,Selesai,17 Maret 2026,17 Maret 2026
1615,Tipe A,100000,65000,65000,0,35000,Transfer,Supplier A,Selesai,17 Maret 2026,17 Maret 2026
1616,Tipe A,100000,65000,65000,0,35000,Transfer,Supplier A,Selesai,17 Maret 2026,17 Maret 2026
1617,Tipe A,100000,65000,65000,0,35000,Transfer,Supplier A,Selesai,17 Maret 2026,17 Maret 2026
1618,Tipe A,95000,65000,65000,0,30000,Transfer,Supplier B,Selesai,17 Maret 2026,18 Maret 2026
1619,Tipe A,95000,65000,65000,0,30000,Transfer,Supplier B,Selesai,18 Maret 2026,18 Maret 2026
1620,Tipe A,100000,65000,65000,0,35000,Transfer,Supplier B,Selesai,18 Maret 2026,20 Maret 2026
1621,Tipe A,100000,65000,65000,0,35000,Transfer,Supplier B,Selesai,18 Maret 2026,18 Maret 2026
1622,Tipe A,100000,65000,65000,0,35000,Transfer,Supplier B,Selesai,18 Maret 2026,18 Maret 2026
1623,Tipe A,95000,65000,65000,0,30000,Transfer,Supplier B,Selesai,18 Maret 2026,18 Maret 2026
1624,Tipe A,100000,65000,65000,0,35000,Transfer,Supplier B,Selesai,18 Maret 2026,18 Maret 2026
1625,Tipe A,100000,65000,65000,0,35000,Transfer,Supplier B,Selesai,18 Maret 2026,18 Maret 2026
1626,Tipe A,100000,65000,65000,0,35000,Transfer,Supplier B,Selesai,18 Maret 2026,18 Maret 2026
1627,Tipe A,100000,65000,65000,0,35000,Transfer,Supplier B,Selesai,18 Maret 2026,24 Maret 2026
1628,Tipe A,100000,65000,65000,0,35000,Transfer,Supplier B,Selesai,18 Maret 2026,18 Maret 2026
1629,Tipe A,1,73000,73000,0,72999,Transfer,Supplier C,Selesai,18 Maret 2026,18 Maret 2026
1630,Tipe A,100000,73000,73000,0,27000,Transfer,Supplier C,Selesai,18 Maret 2026,18 Maret 2026
1631,Tipe A,100000,73000,73000,0,27000,Transfer,Supplier C,Selesai,18 Maret 2026,20 Maret 2026
1632,Tipe A,100000,73000,73000,0,27000,Transfer,Supplier C,Selesai,18 Maret 2026,18 Maret 2026
1633,Tipe A,100000,73000,73000,0,27000,Transfer,Supplier C,Selesai,18 Maret 2026,18 Maret 2026
1634,Tipe A,100000,73000,73000,0,27000,Transfer,Supplier C,Selesai,18 Maret 2026,18 Maret 2026
1635,Tipe A,95000,65000,65000,0,30000,Transfer,Supplier A,Selesai,18 Maret 2026,18 Maret 2026
1636,Tipe A,100000,65000,65000,0,35000,Transfer,Supplier A,Selesai,18 Maret 2026,18 Maret 2026
1637,Tipe A,100000,65000,65000,0,35000,Transfer,Supplier A,Selesai,18 Maret 2026,18 Maret 2026
1638,Tipe A,100000,65000,65000,0,35000,Transfer,Supplier A,Selesai,18 Maret 2026,20 Maret 2026
1639,Tipe A,100000,65000,65000,0,35000,Transfer,Supplier A,Selesai,18 Maret 2026,18 Maret 2026
1640,Tipe A,95000,65000,65000,0,30000,Transfer,Supplier A,Selesai,18 Maret 2026,18 Maret 2026
1641,Tipe A,100000,65000,65000,0,35000,Transfer,Supplier A,Selesai,18 Maret 2026,18 Maret 2026
1642,Tipe A,100000,65000,65000,0,35000,Transfer,Supplier A,Selesai,18 Maret 2026,18 Maret 2026
1643,Tipe A,100000,65000,65000,0,35000,Transfer,Supplier A,Selesai,18 Maret 2026,18 Maret 2026
1644,Tipe A,100000,65000,65000,0,35000,Transfer,Supplier A,Selesai,18 Maret 2026,18 Maret 2026
1645,Tipe A,100000,65000,65000,0,35000,Transfer,Supplier A,Selesai,18 Maret 2026,18 Maret 2026
1646,Tipe A,145000,100000,100000,0,45000,Transfer,Supplier E,Selesai,19 Maret 2026,19 Maret 2026
1647,Tipe A,95000,65000,65000,0,30000,Transfer,Supplier A,Selesai,19 Maret 2026,20 Maret 2026
1648,Tipe A,95000,65000,65000,0,30000,Transfer,Supplier A,Selesai,19 Maret 2026,20 Maret 2026
1649,Tipe A,100000,65000,65000,0,35000,Transfer,Supplier A,Selesai,19 Maret 2026,20 Maret 2026
1650,Tipe A,95000,65000,65000,0,30000,Transfer,Supplier A,Selesai,19 Maret 2026,20 Maret 2026
1651,Tipe A,100000,65000,65000,0,35000,Transfer,Supplier A,Selesai,19 Maret 2026,20 Maret 2026
1652,Tipe A,95000,65000,65000,0,30000,Transfer,Supplier A,Selesai,19 Maret 2026,20 Maret 2026
1653,Tipe A,95000,65000,65000,0,30000,Transfer,Supplier A,Selesai,19 Maret 2026,20 Maret 2026
1654,Tipe A,95000,65000,65000,0,30000,Transfer,Supplier A,Selesai,19 Maret 2026,20 Maret 2026
1655,Tipe A,100000,65000,65000,0,35000,Transfer,Supplier A,Selesai,19 Maret 2026,20 Maret 2026
1656,Tipe A,100000,65000,65000,0,35000,Transfer,Supplier A,Selesai,19 Maret 2026,20 Maret 2026
1657,Tipe A,95000,65000,65000,0,30000,Transfer,Supplier A,Selesai,19 Maret 2026,20 Maret 2026
1658,Tipe A,75000,65000,65000,0,10000,Transfer,Supplier A,Selesai,19 Maret 2026,20 Maret 2026
1659,Tipe A,95000,65000,65000,0,30000,Transfer,Supplier A,Selesai,19 Maret 2026,20 Maret 2026
1660,Tipe A,95000,65000,65000,0,30000,Transfer,Supplier A,Selesai,19 Maret 2026,20 Maret 2026
1661,Tipe A,150000,100000,100000,0,50000,Transfer,Supplier E,Selesai,20 Maret 2026,20 Maret 2026
1662,Tipe A,95000,65000,65000,0,30000,Transfer,Supplier A,Selesai,20 Maret 2026,20 Maret 2026
1663,Tipe A,95000,65000,65000,0,30000,Transfer,Supplier A,Selesai,20 Maret 2026,20 Maret 2026
1664,Tipe A,95000,65000,65000,0,30000,Transfer,Supplier A,Selesai,20 Maret 2026,20 Maret 2026
1665,Tipe A,95000,65000,65000,0,30000,Transfer,Supplier A,Selesai,20 Maret 2026,24 Maret 2026
1666,Tipe A,95000,65000,65000,0,30000,Transfer,Supplier A,Selesai,20 Maret 2026,20 Maret 2026
1667,Tipe A,100000,65000,65000,0,35000,Transfer,Supplier A,Selesai,20 Maret 2026,20 Maret 2026
1668,Tipe A,100000,80000,80000,0,20000,Transfer,Supplier C,Selesai,21 Maret 2026,21 Maret 2026
1669,Tipe A,100000,80000,80000,0,20000,Transfer,Supplier C,Selesai,21 Maret 2026,21 Maret 2026
1670,Tipe A,100000,80000,80000,0,20000,Transfer,Supplier C,Selesai,21 Maret 2026,21 Maret 2026
1671,Tipe A,100000,80000,80000,0,20000,Transfer,Supplier C,Selesai,21 Maret 2026,21 Maret 2026
1672,Tipe A,100000,80000,80000,0,20000,Transfer,Supplier C,Selesai,21 Maret 2026,21 Maret 2026
1673,Tipe A,100000,80000,80000,0,20000,Transfer,Supplier C,Selesai,21 Maret 2026,21 Maret 2026
1674,Tipe A,95000,80000,80000,0,15000,Transfer,Supplier C,Selesai,21 Maret 2026,21 Maret 2026
1675,Tipe A,100000,80000,80000,0,20000,Transfer,Supplier C,Selesai,21 Maret 2026,21 Maret 2026
1676,Tipe A,100000,80000,80000,0,20000,Transfer,Supplier C,Selesai,21 Maret 2026,21 Maret 2026
1677,Tipe A,100000,80000,80000,0,20000,Transfer,Supplier C,Selesai,21 Maret 2026,21 Maret 2026
1678,Tipe A,100000,80000,80000,0,20000,Transfer,Supplier C,Selesai,21 Maret 2026,21 Maret 2026
1679,Tipe A,95000,65000,65000,0,30000,Transfer,Supplier A,Selesai,21 Maret 2026,24 Maret 2026
1680,Tipe A,100000,65000,65000,0,35000,Transfer,Supplier A,Selesai,21 Maret 2026,21 Maret 2026
1681,Tipe A,100000,65000,65000,0,35000,Transfer,Supplier A,Selesai,21 Maret 2026,21 Maret 2026
1682,Tipe A,100000,65000,65000,0,35000,Transfer,Supplier A,Selesai,21 Maret 2026,21 Maret 2026
1683,Tipe A,100000,65000,65000,0,35000,Transfer,Supplier A,Selesai,21 Maret 2026,21 Maret 2026
1684,Tipe A,100000,65000,65000,0,35000,Transfer,Supplier A,Selesai,21 Maret 2026,21 Maret 2026
1685,Tipe A,100000,65000,65000,0,35000,Transfer,Supplier A,Selesai,21 Maret 2026,21 Maret 2026
1686,Tipe A,100000,65000,65000,0,35000,Transfer,Supplier A,Selesai,21 Maret 2026,21 Maret 2026
1687,Tipe A,100000,65000,65000,0,35000,Transfer,Supplier B,Selesai,22 Maret 2026,23 Maret 2026
1688,Tipe A,100000,65000,65000,0,35000,Transfer,Supplier B,Selesai,22 Maret 2026,23 Maret 2026
1689,Tipe A,100000,65000,65000,0,35000,Transfer,Supplier B,Selesai,22 Maret 2026,30 Maret 2026
1690,Tipe A,100000,65000,65000,0,35000,Transfer,Supplier B,Selesai,22 Maret 2026,23 Maret 2026
1691,Tipe A,95000,65000,65000,0,30000,Transfer,Supplier B,Selesai,22 Maret 2026,23 Maret 2026
1692,Tipe A,100000,65000,65000,0,35000,Transfer,Supplier A,Selesai,22 Maret 2026,24 Maret 2026
1693,Tipe A,100000,65000,65000,0,35000,Transfer,Supplier A,Selesai,22 Maret 2026,24 Maret 2026
1694,Tipe A,99000,65000,65000,0,34000,Transfer,Supplier A,Selesai,22 Maret 2026,24 Maret 2026
1695,Tipe A,100000,65000,65000,0,35000,Transfer,Supplier A,Selesai,22 Maret 2026,24 Maret 2026
1696,Tipe A,100000,65000,65000,0,35000,Transfer,Supplier A,Selesai,22 Maret 2026,24 Maret 2026
1697,Tipe A,100000,65000,65000,0,35000,Transfer,Supplier A,Selesai,22 Maret 2026,24 Maret 2026
1698,Tipe A,100000,65000,65000,0,35000,Transfer,Supplier A,Selesai,22 Maret 2026,24 Maret 2026
1699,Tipe A,100000,65000,65000,0,35000,Transfer,Supplier A,Selesai,22 Maret 2026,24 Maret 2026
1700,Tipe A,100000,65000,65000,0,35000,Transfer,Supplier A,Selesai,22 Maret 2026,24 Maret 2026
1701,Tipe A,95000,65000,65000,0,30000,Transfer,Supplier A,Selesai,22 Maret 2026,24 Maret 2026
1702,Tipe A,95000,65000,65000,0,30000,Transfer,Supplier A,Selesai,22 Maret 2026,24 Maret 2026
1703,Tipe A,95000,65000,65000,0,30000,Transfer,Supplier A,Selesai,23 Maret 2026,31 Maret 2026
1704,Tipe A,95000,65000,65000,0,30000,Transfer,Supplier A,Selesai,23 Maret 2026,24 Maret 2026
1705,Tipe A,95000,65000,65000,0,30000,Transfer,Supplier A,Selesai,23 Maret 2026,24 Maret 2026
1706,Tipe A,95000,65000,65000,0,30000,Transfer,Supplier A,Selesai,23 Maret 2026,24 Maret 2026
1707,Tipe A,100000,65000,65000,0,35000,Transfer,Supplier A,Selesai,23 Maret 2026,24 Maret 2026
1708,Tipe A,100000,65000,65000,0,35000,Transfer,Supplier A,Selesai,23 Maret 2026,24 Maret 2026
1709,Tipe A,95000,65000,65000,0,30000,Transfer,Supplier A,Selesai,23 Maret 2026,24 Maret 2026
1710,Tipe A,95000,65000,65000,0,30000,Transfer,Supplier A,Selesai,23 Maret 2026,24 Maret 2026
1711,Tipe A,95000,65000,65000,0,30000,Transfer,Supplier A,Selesai,23 Maret 2026,24 Maret 2026
1712,Tipe A,95000,65000,65000,0,30000,Transfer,Supplier B,Selesai,23 Maret 2026,24 Maret 2026
1713,Tipe A,95000,65000,65000,0,30000,Transfer,Supplier B,Selesai,23 Maret 2026,24 Maret 2026
1714,Tipe A,95000,65000,65000,0,30000,Transfer,Supplier B,Selesai,23 Maret 2026,24 Maret 2026
1715,Tipe A,95000,65000,65000,0,30000,Transfer,Supplier B,Selesai,23 Maret 2026,24 Maret 2026
1716,Tipe A,100000,65000,65000,0,35000,Transfer,Supplier B,Selesai,23 Maret 2026,24 Maret 2026
1717,Tipe A,100000,65000,65000,0,35000,Transfer,Supplier B,Selesai,23 Maret 2026,24 Maret 2026
1718,Tipe A,100000,73000,73000,0,27000,Transfer,Supplier C,Selesai,24 Maret 2026,27 Maret 2026
1719,Tipe A,95000,73000,73000,0,22000,Transfer,Supplier C,Selesai,24 Maret 2026,27 Maret 2026
1720,Tipe A,95000,73000,73000,0,22000,Transfer,Supplier C,Selesai,24 Maret 2026,27 Maret 2026
1721,Tipe A,100000,73000,73000,0,27000,Transfer,Supplier C,Selesai,24 Maret 2026,27 Maret 2026
1722,Tipe A,95000,73000,73000,0,22000,Transfer,Supplier C,Selesai,24 Maret 2026,27 Maret 2026
1723,Tipe A,95000,73000,73000,0,22000,Transfer,Supplier C,Selesai,24 Maret 2026,27 Maret 2026
1724,Tipe A,95000,73000,73000,0,22000,Transfer,Supplier C,Selesai,24 Maret 2026,27 Maret 2026
1725,Tipe A,95000,65000,65000,0,30000,Transfer,Supplier B,Selesai,24 Maret 2026,27 Maret 2026
1726,Tipe A,65000,65000,65000,0,0,Transfer,Supplier B,Selesai,24 Maret 2026,27 Maret 2026
1727,Tipe A,95000,65000,65000,0,30000,Transfer,Supplier B,Selesai,24 Maret 2026,27 Maret 2026
1728,Tipe A,95000,65000,65000,0,30000,Transfer,Supplier B,Selesai,24 Maret 2026,27 Maret 2026
1729,Tipe A,95000,65000,65000,0,30000,Transfer,Supplier B,Selesai,24 Maret 2026,27 Maret 2026
1730,Tipe A,95000,65000,65000,0,30000,Transfer,Supplier B,Selesai,24 Maret 2026,27 Maret 2026
1731,Tipe A,95000,65000,65000,0,30000,Transfer,Supplier B,Selesai,24 Maret 2026,27 Maret 2026
1732,Tipe A,95000,65000,65000,0,30000,Transfer,Supplier B,Selesai,24 Maret 2026,27 Maret 2026
1733,Tipe A,95000,65000,65000,0,30000,Transfer,Supplier B,Selesai,24 Maret 2026,27 Maret 2026
1734,Tipe A,95000,65000,65000,0,30000,Transfer,Supplier A,Selesai,24 Maret 2026,27 Maret 2026
1735,Tipe A,95000,65000,65000,0,30000,Transfer,Supplier A,Selesai,24 Maret 2026,27 Maret 2026
1736,Tipe A,95000,65000,65000,0,30000,Transfer,Supplier A,Selesai,24 Maret 2026,27 Maret 2026
1737,Tipe A,95000,65000,65000,0,30000,Transfer,Supplier A,Selesai,24 Maret 2026,27 Maret 2026
1738,Tipe A,95000,65000,65000,0,30000,Transfer,Supplier B,Selesai,25 Maret 2026,27 Maret 2026
1739,Tipe A,95000,65000,65000,0,30000,Transfer,Supplier B,Selesai,25 Maret 2026,28 Maret 2026
1740,Tipe A,95000,65000,65000,0,30000,Transfer,Supplier B,Selesai,25 Maret 2026,27 Maret 2026
1741,Tipe A,95000,65000,65000,0,30000,Transfer,Supplier B,Selesai,25 Maret 2026,27 Maret 2026
1742,Tipe A,100000,65000,65000,0,35000,Transfer,Supplier B,Selesai,25 Maret 2026,27 Maret 2026
1743,Tipe A,100000,65000,65000,0,35000,Transfer,Supplier B,Selesai,25 Maret 2026,27 Maret 2026
1744,Tipe A,95000,65000,65000,0,30000,Transfer,Supplier B,Selesai,25 Maret 2026,27 Maret 2026
1745,Tipe A,95000,65000,65000,0,30000,Transfer,Supplier B,Selesai,25 Maret 2026,27 Maret 2026
1746,Tipe A,95000,65000,65000,0,30000,Transfer,Supplier A,Selesai,26 Maret 2026,27 Maret 2026
1747,Tipe A,95000,65000,65000,0,30000,Transfer,Supplier A,Selesai,26 Maret 2026,27 Maret 2026
1748,Tipe A,90000,65000,65000,0,25000,Transfer,Supplier A,Selesai,26 Maret 2026,31 Maret 2026
1749,Tipe A,95000,65000,65000,0,30000,Transfer,Supplier A,Selesai,26 Maret 2026,27 Maret 2026
1750,Tipe A,95000,65000,65000,0,30000,Transfer,Supplier A,Selesai,26 Maret 2026,27 Maret 2026
1751,Tipe A,95000,65000,65000,0,30000,Transfer,Supplier A,Selesai,27 Maret 2026,27 Maret 2026
1752,Tipe A,95000,65000,65000,0,30000,Transfer,Supplier A,Selesai,27 Maret 2026,27 Maret 2026
1753,Tipe A,90000,65000,65000,0,25000,Transfer,Supplier A,Selesai,27 Maret 2026,28 Maret 2026
1754,Tipe A,95000,65000,65000,0,30000,Transfer,Supplier A,Selesai,27 Maret 2026,27 Maret 2026
1755,Tipe A,95000,65000,65000,0,30000,Transfer,Supplier A,Selesai,27 Maret 2026,27 Maret 2026
1756,Tipe A,150000,65000,65000,0,85000,Transfer,Supplier A,Selesai,27 Maret 2026,27 Maret 2026
1757,Tipe A,95000,65000,65000,0,30000,Transfer,Supplier A,Selesai,27 Maret 2026,27 Maret 2026
1758,Tipe A,95000,65000,65000,0,30000,Transfer,Supplier A,Selesai,27 Maret 2026,27 Maret 2026
1759,Tipe A,95000,65000,65000,0,30000,Transfer,Supplier A,Selesai,27 Maret 2026,27 Maret 2026
1760,Tipe A,95000,65000,65000,0,30000,Transfer,Supplier A,Selesai,27 Maret 2026,28 Maret 2026
1761,Tipe A,95000,65000,65000,0,30000,Transfer,Supplier A,Selesai,27 Maret 2026,27 Maret 2026
1762,Tipe A,95000,65000,65000,0,30000,Transfer,Supplier A,Selesai,27 Maret 2026,27 Maret 2026
1763,Tipe A,128000,100000,100000,0,28000,Transfer,Supplier Lainnya,Selesai,28 Maret 2026,28 Maret 2026
1764,Tipe A,95000,65000,65000,0,30000,Transfer,Supplier A,Selesai,28 Maret 2026,28 Maret 2026
1765,Tipe A,95000,65000,65000,0,30000,Transfer,Supplier A,Selesai,28 Maret 2026,28 Maret 2026
1766,Tipe A,95000,65000,65000,0,30000,Transfer,Supplier A,Selesai,28 Maret 2026,28 Maret 2026
1767,Tipe A,95000,65000,65000,0,30000,Transfer,Supplier A,Selesai,28 Maret 2026,28 Maret 2026
1768,Tipe A,94000,65000,65000,0,29000,Transfer,Supplier A,Selesai,28 Maret 2026,28 Maret 2026
1769,Tipe A,95000,65000,65000,0,30000,Transfer,Supplier A,Selesai,28 Maret 2026,30 Maret 2026
1770,Tipe A,95000,65000,65000,0,30000,Transfer,Supplier A,Selesai,28 Maret 2026,28 Maret 2026
1771,Tipe A,95000,65000,65000,0,30000,Transfer,Supplier A,Selesai,28 Maret 2026,28 Maret 2026
1772,Tipe A,95000,65000,65000,0,30000,Transfer,Supplier A,Selesai,28 Maret 2026,28 Maret 2026
1773,Tipe A,95000,65000,65000,0,30000,Transfer,Supplier B,Selesai,28 Maret 2026,31 Maret 2026
1774,Tipe A,95000,65000,65000,0,30000,Transfer,Supplier A,Selesai,28 Maret 2026,28 Maret 2026
1775,Tipe A,95000,65000,65000,0,30000,Transfer,Supplier B,Selesai,28 Maret 2026,28 Maret 2026
1776,Tipe A,95000,65000,65000,0,30000,Transfer,Supplier B,Selesai,28 Maret 2026,31 Maret 2026
1777,Tipe A,95000,65000,65000,0,30000,Transfer,Supplier B,Selesai,28 Maret 2026,28 Maret 2026
1778,Tipe A,95000,65000,65000,0,30000,Transfer,Supplier A,Selesai,28 Maret 2026,28 Maret 2026
1779,Tipe A,95000,65000,65000,0,30000,Transfer,Supplier B,Selesai,28 Maret 2026,28 Maret 2026
1780,Tipe A,95000,65000,65000,0,30000,Transfer,Supplier A,Selesai,29 Maret 2026,29 Maret 2026
1781,Tipe A,90000,65000,65000,0,25000,Transfer,Supplier A,Selesai,29 Maret 2026,29 Maret 2026
1782,Tipe A,90000,65000,65000,0,25000,Transfer,Supplier A,Selesai,29 Maret 2026,29 Maret 2026
1783,Tipe A,95000,65000,65000,0,30000,Transfer,Supplier A,Selesai,29 Maret 2026,30 Maret 2026
1784,Tipe A,95000,65000,65000,0,30000,Transfer,Supplier A,Selesai,29 Maret 2026,29 Maret 2026
1785,Tipe A,95000,65000,65000,0,30000,Transfer,Supplier A,Selesai,29 Maret 2026,29 Maret 2026
1786,Tipe A,95000,65000,65000,0,30000,Transfer,Supplier A,Selesai,29 Maret 2026,29 Maret 2026
1787,Tipe A,95000,65000,65000,0,30000,Transfer,Supplier A,Selesai,29 Maret 2026,29 Maret 2026
1788,Tipe A,95000,65000,65000,0,30000,Transfer,Supplier A,Selesai,29 Maret 2026,29 Maret 2026
1789,Tipe A,95000,65000,65000,0,30000,Transfer,Supplier A,Selesai,29 Maret 2026,29 Maret 2026
1790,Tipe A,95000,65000,65000,0,30000,Transfer,Supplier B,Selesai,29 Maret 2026,29 Maret 2026
1791,Tipe A,95000,65000,65000,0,30000,Transfer,Supplier B,Selesai,29 Maret 2026,29 Maret 2026
1792,Tipe A,95000,65000,65000,0,30000,Transfer,Supplier B,Selesai,29 Maret 2026,29 Maret 2026
1793,Tipe A,95000,65000,65000,0,30000,Transfer,Supplier B,Selesai,29 Maret 2026,29 Maret 2026
1794,Tipe A,95000,65000,65000,0,30000,Transfer,Supplier B,Selesai,29 Maret 2026,29 Maret 2026
1795,Tipe A,95000,65000,65000,0,30000,Transfer,Supplier A,Selesai,30 Maret 2026,31 Maret 2026
1796,Tipe A,95000,65000,65000,0,30000,Transfer,Supplier A,Selesai,30 Maret 2026,5 April 2026
1797,Tipe A,95000,65000,65000,0,30000,Transfer,Supplier A,Selesai,30 Maret 2026,31 Maret 2026
1798,Tipe A,95000,65000,65000,0,30000,Transfer,Supplier A,Selesai,30 Maret 2026,31 Maret 2026
1799,Tipe A,95000,65000,65000,0,30000,Transfer,Supplier A,Selesai,30 Maret 2026,31 Maret 2026
1800,Tipe A,90000,65000,65000,0,25000,Transfer,Supplier A,Selesai,30 Maret 2026,31 Maret 2026
1801,Tipe A,95000,65000,65000,0,30000,Transfer,Supplier A,Selesai,30 Maret 2026,5 April 2026
1802,Tipe A,95000,65000,65000,0,30000,Transfer,Supplier A,Selesai,30 Maret 2026,31 Maret 2026
1803,Tipe A,95000,65000,65000,0,30000,Transfer,Supplier A,Selesai,30 Maret 2026,31 Maret 2026
1804,Tipe A,95000,65000,65000,0,30000,Transfer,Supplier B,Selesai,30 Maret 2026,31 Maret 2026
1805,Tipe A,95000,65000,65000,0,30000,Transfer,Supplier B,Selesai,30 Maret 2026,31 Maret 2026
1806,Tipe A,95000,65000,65000,0,30000,Transfer,Supplier A,Selesai,31 Maret 2026,31 Maret 2026
1807,Tipe A,95000,65000,65000,0,30000,Transfer,Supplier A,Selesai,31 Maret 2026,31 Maret 2026
1808,Tipe A,95000,65000,65000,0,30000,Transfer,Supplier A,Selesai,31 Maret 2026,1 April 2026
1809,Tipe A,95000,65000,65000,0,30000,Transfer,Supplier A,Selesai,31 Maret 2026,31 Maret 2026
1810,Tipe A,95000,65000,65000,0,30000,Transfer,Supplier A,Selesai,31 Maret 2026,31 Maret 2026
1811,Tipe A,100000,65000,65000,0,35000,Transfer,Supplier A,Selesai,31 Maret 2026,31 Maret 2026
1812,Tipe A,95000,65000,65000,0,30000,Transfer,Supplier A,Selesai,31 Maret 2026,31 Maret 2026
1813,Tipe A,95000,65000,65000,0,30000,Transfer,Supplier A,Selesai,31 Maret 2026,31 Maret 2026
1814,Tipe A,95000,65000,65000,0,30000,Transfer,Supplier A,Selesai,31 Maret 2026,31 Maret 2026
1815,Tipe A,95000,65000,65000,0,30000,Transfer,Supplier A,Selesai,31 Maret 2026,31 Maret 2026
1816,Tipe A,95000,65000,65000,0,30000,Transfer,Supplier B,Selesai,31 Maret 2026,3 April 2026
1817,Tipe A,95000,65000,65000,0,30000,Transfer,Supplier B,Selesai,31 Maret 2026,3 April 2026
1818,Tipe A,95000,65000,65000,0,30000,Transfer,Supplier B,Selesai,31 Maret 2026,3 April 2026
1819,Tipe A,95000,65000,65000,0,30000,Transfer,Supplier B,Selesai,31 Maret 2026,3 April 2026
1820,Tipe A,95000,65000,65000,0,30000,Transfer,Supplier B,Selesai,31 Maret 2026,3 April 2026
1821,Tipe A,95000,65000,65000,0,30000,Transfer,Supplier B,Selesai,31 Maret 2026,3 April 2026
1822,Tipe A,130000,100000,100000,0,30000,Transfer,Supplier Lainnya,Selesai,4 April 2026,5 April 2026
1823,Tipe A,90000,65000,65000,0,25000,Transfer,Supplier D,Selesai,1 April 2026,5 April 2026
1824,Tipe A,95000,65000,65000,0,30000,Transfer,Supplier D,Selesai,1 April 2026,5 April 2026
1825,Tipe A,95000,65000,65000,0,30000,Transfer,Supplier D,Selesai,1 April 2026,5 April 2026
1826,Tipe A,95000,65000,65000,0,30000,Transfer,Supplier D,Selesai,1 April 2026,5 April 2026
1827,Tipe A,95000,65000,65000,0,30000,Transfer,Supplier D,Selesai,1 April 2026,5 April 2026
1828,Tipe A,95000,65000,65000,0,30000,Transfer,Supplier D,Selesai,1 April 2026,5 April 2026
1829,Tipe A,95000,65000,65000,0,30000,Transfer,Supplier D,Selesai,1 April 2026,5 April 2026
1830,Tipe A,95000,65000,65000,0,30000,Transfer,Supplier D,Selesai,1 April 2026,5 April 2026
1831,Tipe A,95000,65000,65000,0,30000,Transfer,Supplier A,Selesai,2 April 2026,5 April 2026
1832,Tipe A,95000,65000,65000,0,30000,Transfer,Supplier A,Selesai,1 April 2026,5 April 2026
1833,Tipe A,95000,65000,65000,0,30000,Transfer,Supplier A,Selesai,2 April 2026,5 April 2026
1834,Tipe A,95000,65000,65000,0,30000,Transfer,Supplier A,Selesai,2 April 2026,5 April 2026
1835,Tipe A,95000,65000,65000,0,30000,Transfer,Supplier A,Selesai,2 April 2026,5 April 2026
1836,Tipe A,95000,65000,65000,0,30000,Transfer,Supplier A,Selesai,2 April 2026,5 April 2026
1837,Tipe A,95000,65000,65000,0,30000,Transfer,Supplier A,Selesai,2 April 2026,5 April 2026
1838,Tipe A,95000,65000,65000,0,30000,Transfer,Supplier A,Selesai,2 April 2026,5 April 2026
1839,Tipe A,95000,65000,65000,0,30000,Transfer,Supplier A,Selesai,2 April 2026,10 April 2026
1840,Tipe A,95000,65000,65000,0,30000,Transfer,Supplier A,Selesai,2 April 2026,5 April 2026
1841,Tipe A,95000,65000,65000,0,30000,Transfer,Supplier B,Selesai,2 April 2026,5 April 2026
1842,Tipe A,95000,65000,65000,0,30000,Transfer,Supplier B,Selesai,2 April 2026,5 April 2026
1843,Tipe A,95000,65000,65000,0,30000,Transfer,Supplier F,Selesai,2 April 2026,5 April 2026
1844,Tipe A,100000,65000,65000,0,35000,Transfer,Supplier F,Selesai,2 April 2026,5 April 2026
1845,Tipe A,95000,65000,65000,0,30000,Transfer,Supplier A,Selesai,3 April 2026,6 April 2026
1846,Tipe A,95000,65000,65000,0,30000,Transfer,Supplier A,Selesai,3 April 2026,6 April 2026
1847,Tipe A,95000,65000,65000,0,30000,Transfer,Supplier A,Selesai,3 April 2026,6 April 2026
1848,Tipe A,95000,65000,65000,0,30000,Transfer,Supplier A,Selesai,3 April 2026,10 April 2026
1849,Tipe A,95000,65000,65000,0,30000,Transfer,Supplier A,Selesai,3 April 2026,6 April 2026
1850,Tipe A,95000,65000,65000,0,30000,Transfer,Supplier A,Selesai,3 April 2026,6 April 2026
1851,Tipe A,95000,65000,65000,0,30000,Transfer,Supplier A,Selesai,3 April 2026,8 April 2026
1852,Tipe A,95000,65000,65000,0,30000,Transfer,Supplier A,Selesai,3 April 2026,6 April 2026
1853,Tipe A,95000,65000,65000,0,30000,Transfer,Supplier A,Selesai,3 April 2026,6 April 2026
1854,Tipe A,95000,65000,65000,0,30000,Transfer,Supplier A,Selesai,3 April 2026,6 April 2026
1855,Tipe A,95000,65000,65000,0,30000,Transfer,Supplier B,Selesai,3 April 2026,6 April 2026
1856,Tipe A,95000,65000,65000,0,30000,Transfer,Supplier B,Selesai,3 April 2026,6 April 2026
1857,Tipe A,95000,65000,65000,0,30000,Transfer,Supplier B,Selesai,3 April 2026,6 April 2026
1858,Tipe A,95000,65000,65000,0,30000,Transfer,Supplier B,Selesai,3 April 2026,6 April 2026
1859,Tipe A,95000,65000,65000,0,30000,Transfer,Supplier B,Selesai,3 April 2026,6 April 2026
1860,Tipe A,95000,75000,75000,0,20000,Transfer,Supplier F,Selesai,3 April 2026,6 April 2026
1861,Tipe A,95000,75000,75000,0,20000,Transfer,Supplier F,Selesai,3 April 2026,6 April 2026
1862,Tipe A,95000,75000,75000,0,20000,Transfer,Supplier F,Selesai,3 April 2026,6 April 2026
1863,Tipe A,95000,75000,75000,0,20000,Transfer,Supplier F,Selesai,3 April 2026,6 April 2026
1864,Tipe A,95000,65000,65000,0,30000,Transfer,Supplier A,Selesai,4 April 2026,6 April 2026
1865,Tipe A,95000,65000,65000,0,30000,Transfer,Supplier A,Selesai,4 April 2026,6 April 2026
1866,Tipe A,95000,65000,65000,0,30000,Transfer,Supplier A,Selesai,4 April 2026,6 April 2026
1867,Tipe A,95000,65000,65000,0,30000,Transfer,Supplier A,Selesai,4 April 2026,6 April 2026
1868,Tipe A,90000,65000,65000,0,25000,Transfer,Supplier A,Selesai,4 April 2026,6 April 2026
1869,Tipe A,95000,65000,65000,0,30000,Transfer,Supplier A,Selesai,4 April 2026,6 April 2026
1870,Tipe A,95000,65000,65000,0,30000,Transfer,Supplier A,Selesai,4 April 2026,6 April 2026
1871,Tipe A,95000,65000,65000,0,30000,Transfer,Supplier A,Selesai,4 April 2026,6 April 2026
1872,Tipe A,95000,65000,65000,0,30000,Transfer,Supplier A,Selesai,4 April 2026,6 April 2026
1873,Tipe A,95000,65000,65000,0,30000,Transfer,Supplier A,Selesai,4 April 2026,6 April 2026
1874,Tipe A,95000,75000,75000,0,20000,Transfer,Supplier F,Selesai,4 April 2026,6 April 2026
1875,Tipe A,95000,75000,75000,0,20000,Transfer,Supplier F,Selesai,4 April 2026,6 April 2026
1876,Tipe A,95000,75000,75000,0,20000,Transfer,Supplier F,Selesai,4 April 2026,6 April 2026
1877,Tipe A,95000,65000,65000,0,30000,Transfer,Supplier A,Selesai,5 April 2026,6 April 2026
1878,Tipe A,95000,65000,65000,0,30000,Transfer,Supplier A,Selesai,5 April 2026,6 April 2026
1879,Tipe A,95000,65000,65000,0,30000,Transfer,Supplier A,Selesai,5 April 2026,6 April 2026
1880,Tipe A,90000,65000,65000,0,25000,Transfer,Supplier A,Selesai,5 April 2026,6 April 2026
1881,Tipe A,90000,65000,65000,0,25000,Transfer,Supplier A,Selesai,5 April 2026,6 April 2026
1882,Tipe A,95000,65000,65000,0,30000,Transfer,Supplier A,Selesai,5 April 2026,6 April 2026
1883,Tipe A,95000,65000,65000,0,30000,Transfer,Supplier A,Selesai,5 April 2026,6 April 2026
1884,Tipe A,95000,65000,65000,0,30000,Transfer,Supplier A,Selesai,5 April 2026,6 April 2026
1885,Tipe A,95000,65000,65000,0,30000,Transfer,Supplier A,Selesai,5 April 2026,6 April 2026
1886,Tipe A,95000,65000,65000,0,30000,Transfer,Supplier A,Selesai,5 April 2026,7 April 2026
1887,Tipe A,95000,65000,65000,0,30000,Transfer,Supplier A,Selesai,5 April 2026,6 April 2026
1888,Tipe A,90000,65000,65000,0,25000,Transfer,Supplier A,Selesai,5 April 2026,6 April 2026
1889,Tipe A,95000,65000,65000,0,30000,Transfer,Supplier A,Selesai,5 April 2026,6 April 2026
1890,Tipe A,95000,65000,65000,0,30000,Transfer,Supplier A,Selesai,5 April 2026,6 April 2026
1891,Tipe A,90000,65000,65000,0,25000,Transfer,Supplier A,Selesai,5 April 2026,6 April 2026
1892,Tipe A,95000,65000,65000,0,30000,Transfer,Supplier A,Selesai,5 April 2026,7 April 2026
1893,Tipe A,95000,65000,65000,0,30000,Transfer,Supplier A,Selesai,5 April 2026,8 April 2026
1894,Tipe A,95000,75000,75000,0,20000,Transfer,Supplier F,Selesai,5 April 2026,7 April 2026
1895,Tipe A,95000,75000,75000,0,20000,Transfer,Supplier F,Selesai,5 April 2026,7 April 2026
1896,Tipe A,95000,75000,75000,0,20000,Transfer,Supplier F,Selesai,5 April 2026,7 April 2026
1897,Tipe A,95000,75000,75000,0,20000,Transfer,Supplier F,Selesai,5 April 2026,7 April 2026
1898,Tipe A,95000,75000,75000,0,20000,Transfer,Supplier F,Selesai,5 April 2026,7 April 2026
1899,Tipe A,95000,65000,65000,0,30000,Transfer,Supplier B,Selesai,6 April 2026,7 April 2026
1900,Tipe A,95000,65000,65000,0,30000,Transfer,Supplier B,Selesai,6 April 2026,7 April 2026
1901,Tipe A,95000,65000,65000,0,30000,Transfer,Supplier B,Selesai,6 April 2026,21 April 2026
1902,Tipe A,95000,65000,65000,0,30000,Transfer,Supplier B,Selesai,6 April 2026,7 April 2026
1903,Tipe A,95000,65000,65000,0,30000,Transfer,Supplier B,Selesai,6 April 2026,7 April 2026
1904,Tipe A,95000,65000,65000,0,30000,Transfer,Supplier B,Selesai,6 April 2026,7 April 2026
1905,Tipe A,95000,65000,65000,0,30000,Transfer,Supplier B,Selesai,6 April 2026,7 April 2026
1906,Tipe A,95000,65000,65000,0,30000,Transfer,Supplier B,Selesai,6 April 2026,7 April 2026
1907,Tipe A,95000,65000,65000,0,30000,Transfer,Supplier B,Selesai,6 April 2026,7 April 2026
1908,Tipe A,95000,65000,65000,0,30000,Transfer,Supplier B,Selesai,6 April 2026,7 April 2026
1909,Tipe A,95000,65000,65000,0,30000,Transfer,Supplier B,Selesai,6 April 2026,7 April 2026
1910,Tipe A,95000,65000,65000,0,30000,Transfer,Supplier G,Selesai,8 April 2026,8 April 2026
1911,Tipe A,95000,65000,65000,0,30000,Transfer,Supplier G,Selesai,8 April 2026,8 April 2026
1912,Tipe A,95000,60000,60000,0,35000,Transfer,Supplier A,Selesai,7 April 2026,10 April 2026
1913,Tipe A,95000,60000,60000,0,35000,Transfer,Supplier A,Selesai,7 April 2026,8 April 2026
1914,Tipe A,95000,60000,60000,0,35000,Transfer,Supplier A,Selesai,7 April 2026,8 April 2026
1915,Tipe A,95000,60000,60000,0,35000,Transfer,Supplier A,Selesai,7 April 2026,10 April 2026
1916,Tipe A,95000,60000,60000,0,35000,Transfer,Supplier A,Selesai,7 April 2026,8 April 2026
1917,Tipe A,95000,60000,60000,0,35000,Transfer,Supplier A,Selesai,7 April 2026,8 April 2026
1918,Tipe A,95000,60000,60000,0,35000,Transfer,Supplier A,Selesai,7 April 2026,8 April 2026
1919,Tipe A,95000,60000,60000,0,35000,Transfer,Supplier A,Selesai,7 April 2026,8 April 2026
1920,Tipe A,90000,60000,60000,0,30000,Transfer,Supplier A,Selesai,7 April 2026,8 April 2026
1921,Tipe A,90000,60000,60000,0,30000,Transfer,Supplier A,Selesai,7 April 2026,8 April 2026
1922,Tipe A,95000,75000,75000,0,20000,Transfer,Supplier F,Selesai,7 April 2026,8 April 2026
1923,Tipe A,90000,75000,75000,0,15000,Transfer,Supplier F,Selesai,7 April 2026,8 April 2026
1924,Tipe A,90000,75000,75000,0,15000,Transfer,Supplier F,Selesai,7 April 2026,8 April 2026
1925,Tipe A,90000,75000,75000,0,15000,Transfer,Supplier F,Selesai,7 April 2026,8 April 2026
1926,Tipe A,95000,75000,75000,0,20000,Transfer,Supplier A,Selesai,7 April 2026,8 April 2026
1927,Tipe A,95000,60000,60000,0,35000,Transfer,Supplier A,Selesai,8 April 2026,10 April 2026
1928,Tipe A,95000,60000,60000,0,35000,Transfer,Supplier A,Selesai,8 April 2026,8 April 2026
1929,Tipe A,95000,60000,60000,0,35000,Transfer,Supplier A,Selesai,8 April 2026,8 April 2026
1930,Tipe A,95000,60000,60000,0,35000,Transfer,Supplier A,Selesai,8 April 2026,8 April 2026
1931,Tipe A,95000,60000,60000,0,35000,Transfer,Supplier A,Selesai,8 April 2026,8 April 2026
1932,Tipe A,95000,60000,60000,0,35000,Transfer,Supplier A,Selesai,8 April 2026,8 April 2026
1933,Tipe A,95000,60000,60000,0,35000,Transfer,Supplier A,Selesai,8 April 2026,8 April 2026
1934,Tipe A,95000,60000,60000,0,35000,Transfer,Supplier A,Selesai,8 April 2026,8 April 2026
1935,Tipe A,95000,60000,60000,0,35000,Transfer,Supplier A,Selesai,8 April 2026,8 April 2026
1936,Tipe A,95000,60000,60000,0,35000,Transfer,Supplier A,Selesai,8 April 2026,8 April 2026
1937,Tipe A,95000,60000,60000,0,35000,Transfer,Supplier A,Selesai,8 April 2026,8 April 2026
1938,Tipe A,250000,60000,60000,0,190000,Transfer,Supplier A,Selesai,8 April 2026,8 April 2026
1939,Tipe A,95000,75000,75000,0,20000,Transfer,Supplier F,Selesai,3 April 2026,9 April 2026
1940,Tipe A,95000,75000,75000,0,20000,Transfer,Supplier F,Selesai,8 April 2026,9 April 2026
1941,Tipe A,95000,65000,65000,0,30000,Transfer,Supplier B,Selesai,8 April 2026,9 April 2026
1942,Tipe A,95000,65000,65000,0,30000,Transfer,Supplier G,Selesai,9 April 2026,9 April 2026
1943,Tipe A,95000,65000,65000,0,30000,Transfer,Supplier B,Selesai,8 April 2026,10 April 2026
1944,Tipe A,95000,65000,65000,0,30000,Transfer,Supplier B,Selesai,8 April 2026,10 April 2026
1945,Tipe A,95000,65000,65000,0,30000,Transfer,Supplier B,Selesai,8 April 2026,10 April 2026
1946,Tipe A,95000,65000,65000,0,30000,Transfer,Supplier B,Selesai,8 April 2026,10 April 2026
1947,Tipe A,95000,65000,65000,0,30000,Transfer,Supplier B,Selesai,8 April 2026,10 April 2026
1948,Tipe A,95000,65000,65000,0,30000,Transfer,Supplier B,Selesai,9 April 2026,10 April 2026
1949,Tipe A,95000,65000,65000,0,30000,Transfer,Supplier B,Selesai,8 April 2026,27 April 2026
1950,Tipe A,90000,60000,60000,0,30000,Transfer,Supplier A,Selesai,9 April 2026,10 April 2026
1951,Tipe A,95000,60000,60000,0,35000,Transfer,Supplier A,Selesai,9 April 2026,10 April 2026
1952,Tipe A,95000,60000,60000,0,35000,Transfer,Supplier A,Selesai,9 April 2026,10 April 2026
1953,Tipe A,95000,60000,60000,0,35000,Transfer,Supplier A,Selesai,9 April 2026,10 April 2026
1954,Tipe A,95000,55000,55000,0,40000,Transfer,Supplier D,Selesai,9 April 2026,10 April 2026
1955,Tipe A,95000,55000,55000,0,40000,Transfer,Supplier D,Selesai,9 April 2026,10 April 2026
1956,Tipe A,98000,55000,55000,0,43000,Transfer,Supplier D,Selesai,9 April 2026,10 April 2026
1957,Tipe A,95000,55000,55000,0,40000,Transfer,Supplier D,Selesai,9 April 2026,10 April 2026
1958,Tipe A,95000,55000,55000,0,40000,Transfer,Supplier D,Selesai,9 April 2026,10 April 2026
1959,Tipe A,90000,55000,55000,0,35000,Transfer,Supplier D,Selesai,9 April 2026,10 April 2026
1960,Tipe A,85000,55000,55000,0,30000,Transfer,Supplier D,Selesai,9 April 2026,10 April 2026
1961,Tipe A,95000,55000,55000,0,40000,Transfer,Supplier D,Selesai,9 April 2026,10 April 2026
1962,Tipe A,90000,55000,55000,0,35000,Transfer,Supplier D,Selesai,9 April 2026,10 April 2026
1963,Tipe A,90000,75000,75000,0,15000,Transfer,Supplier F,Selesai,10 April 2026,11 April 2026
1964,Tipe A,95000,55000,55000,0,40000,Transfer,Supplier D,Selesai,10 April 2026,11 April 2026
1965,Tipe A,90000,55000,55000,0,35000,Transfer,Supplier D,Selesai,10 April 2026,11 April 2026
1966,Tipe A,85000,55000,55000,0,30000,Transfer,Supplier D,Selesai,10 April 2026,11 April 2026
1967,Tipe A,90000,55000,55000,0,35000,Transfer,Supplier D,Selesai,10 April 2026,11 April 2026
1968,Tipe A,85000,55000,55000,0,30000,Transfer,Supplier D,Selesai,10 April 2026,11 April 2026
1969,Tipe A,105000,60000,60000,0,45000,Transfer,Supplier A,Selesai,10 April 2026,11 April 2026
1970,Tipe A,90000,60000,60000,0,30000,Transfer,Supplier A,Selesai,10 April 2026,27 April 2026
1971,Tipe A,90000,60000,60000,0,30000,Transfer,Supplier A,Selesai,10 April 2026,11 April 2026
1972,Tipe A,90000,60000,60000,0,30000,Transfer,Supplier A,Selesai,10 April 2026,11 April 2026
1973,Tipe A,90000,60000,60000,0,30000,Transfer,Supplier A,Selesai,10 April 2026,11 April 2026
1974,Tipe A,90000,60000,60000,0,30000,Transfer,Supplier A,Selesai,10 April 2026,11 April 2026
1975,Tipe A,90000,60000,60000,0,30000,Transfer,Supplier A,Selesai,10 April 2026,11 April 2026
1976,Tipe A,89000,60000,60000,0,29000,Transfer,Supplier A,Selesai,10 April 2026,11 April 2026
1977,Tipe A,90000,60000,60000,0,30000,Transfer,Supplier A,Selesai,10 April 2026,11 April 2026
1978,Tipe A,90000,60000,60000,0,30000,Transfer,Supplier A,Selesai,10 April 2026,11 April 2026
1979,Tipe A,90000,60000,60000,0,30000,Transfer,Supplier A,Selesai,10 April 2026,11 April 2026
1980,Tipe A,90000,60000,60000,0,30000,Transfer,Supplier A,Selesai,10 April 2026,11 April 2026
1981,Tipe A,90000,60000,60000,0,30000,Transfer,Supplier A,Selesai,10 April 2026,11 April 2026
1982,Tipe A,90000,60000,60000,0,30000,Transfer,Supplier A,Selesai,11 April 2026,12 April 2026
1983,Tipe A,90000,60000,60000,0,30000,Transfer,Supplier A,Selesai,11 April 2026,12 April 2026
1984,Tipe A,90000,60000,60000,0,30000,Transfer,Supplier A,Selesai,11 April 2026,12 April 2026
1985,Tipe A,85000,60000,60000,0,25000,Transfer,Supplier A,Selesai,11 April 2026,12 April 2026
1986,Tipe A,90000,60000,60000,0,30000,Transfer,Supplier A,Selesai,11 April 2026,12 April 2026
1987,Tipe A,60000,60000,60000,0,0,Transfer,Supplier A,Selesai,11 April 2026,12 April 2026
1988,Tipe A,95000,60000,60000,0,35000,Transfer,Supplier A,Selesai,11 April 2026,12 April 2026
1989,Tipe A,85000,60000,60000,0,25000,Transfer,Supplier A,Selesai,11 April 2026,12 April 2026
1990,Tipe A,90000,60000,60000,0,30000,Transfer,Supplier A,Selesai,11 April 2026,12 April 2026
1991,Tipe A,90000,60000,60000,0,30000,Transfer,Supplier A,Selesai,11 April 2026,12 April 2026
1992,Tipe A,90000,60000,60000,0,30000,Transfer,Supplier A,Selesai,11 April 2026,12 April 2026
1993,Tipe A,90000,60000,60000,0,30000,Transfer,Supplier A,Selesai,11 April 2026,12 April 2026
1994,Tipe A,90000,60000,60000,0,30000,Transfer,Supplier A,Selesai,11 April 2026,12 April 2026
1995,Tipe A,90000,60000,60000,0,30000,Transfer,Supplier A,Selesai,11 April 2026,12 April 2026
1996,Tipe A,90000,60000,60000,0,30000,Transfer,Supplier A,Selesai,11 April 2026,12 April 2026
1997,Tipe A,90000,60000,60000,0,30000,Transfer,Supplier B,Selesai,11 April 2026,12 April 2026
1998,Tipe A,60000,60000,60000,0,0,Transfer,Supplier B,Selesai,11 April 2026,12 April 2026
1999,Tipe A,90000,60000,60000,0,30000,Transfer,Supplier B,Selesai,11 April 2026,12 April 2026
2000,Tipe A,90000,60000,60000,0,30000,Transfer,Supplier B,Selesai,11 April 2026,12 April 2026
2001,Tipe A,85000,60000,60000,0,25000,Transfer,Supplier B,Selesai,11 April 2026,12 April 2026
2002,Tipe A,85000,60000,60000,0,25000,Transfer,Supplier B,Selesai,11 April 2026,12 April 2026
2003,Tipe A,145000,65000,65000,0,80000,Transfer,Supplier G,Selesai,11 April 2026,12 April 2026
2004,Tipe A,90000,65000,65000,0,25000,Transfer,Supplier G,Selesai,11 April 2026,12 April 2026
2005,Tipe A,90000,65000,65000,0,25000,Transfer,Supplier G,Selesai,11 April 2026,12 April 2026
2006,Tipe A,90000,65000,65000,0,25000,Transfer,Supplier G,Selesai,11 April 2026,12 April 2026
2007,Tipe A,90000,65000,65000,0,25000,Transfer,Supplier G,Selesai,11 April 2026,12 April 2026
2008,Tipe A,100000,55000,55000,0,45000,Transfer,Supplier D,Selesai,11 April 2026,14 April 2026
2009,Tipe A,90000,55000,55000,0,35000,Transfer,Supplier D,Selesai,11 April 2026,14 April 2026
2010,Tipe A,90000,55000,55000,0,35000,Transfer,Supplier D,Selesai,11 April 2026,14 April 2026
2011,Tipe A,90000,55000,55000,0,35000,Transfer,Supplier D,Selesai,11 April 2026,21 April 2026
2012,Tipe A,90000,55000,55000,0,35000,Transfer,Supplier D,Selesai,11 April 2026,21 April 2026
2013,Tipe A,89000,55000,55000,0,34000,Transfer,Supplier D,Selesai,11 April 2026,14 April 2026
2014,Tipe A,85000,60000,60000,0,25000,Transfer,Supplier A,Selesai,12 April 2026,14 April 2026
2015,Tipe A,90000,60000,60000,0,30000,Transfer,Supplier A,Selesai,12 April 2026,14 April 2026
2016,Tipe A,90000,60000,60000,0,30000,Transfer,Supplier A,Selesai,12 April 2026,14 April 2026
2017,Tipe A,90000,60000,60000,0,30000,Transfer,Supplier A,Selesai,12 April 2026,15 April 2026
2018,Tipe A,90000,60000,60000,0,30000,Transfer,Supplier A,Selesai,12 April 2026,15 April 2026
2019,Tipe A,90000,60000,60000,0,30000,Transfer,Supplier A,Selesai,12 April 2026,15 April 2026
2020,Tipe A,90000,60000,60000,0,30000,Transfer,Supplier A,Selesai,12 April 2026,15 April 2026
2021,Tipe A,90000,60000,60000,0,30000,Transfer,Supplier A,Selesai,12 April 2026,15 April 2026
2022,Tipe A,90000,70000,70000,0,20000,Transfer,Supplier G,Selesai,12 April 2026,15 April 2026
2023,Tipe A,90000,65000,65000,0,25000,Transfer,Supplier A,Selesai,13 April 2026,15 April 2026
2024,Tipe A,90000,65000,65000,0,25000,Transfer,Supplier A,Selesai,13 April 2026,15 April 2026
2025,Tipe A,90000,65000,65000,0,25000,Transfer,Supplier A,Selesai,13 April 2026,15 April 2026
2026,Tipe A,95000,65000,65000,0,30000,Transfer,Supplier A,Selesai,13 April 2026,18 April 2026
2027,Tipe A,100000,65000,65000,0,35000,Transfer,Supplier A,Selesai,13 April 2026,15 April 2026
2028,Tipe A,95000,65000,65000,0,30000,Transfer,Supplier A,Selesai,13 April 2026,15 April 2026
2029,Tipe A,95000,60000,60000,0,35000,Transfer,Supplier A,Selesai,13 April 2026,15 April 2026
2030,Tipe A,95000,65000,65000,0,30000,Transfer,Supplier A,Selesai,13 April 2026,15 April 2026
2031,Tipe A,95000,65000,65000,0,30000,Transfer,Supplier A,Selesai,13 April 2026,15 April 2026
2032,Tipe A,95000,65000,65000,0,30000,Transfer,Supplier A,Selesai,13 April 2026,15 April 2026
2033,Tipe A,95000,65000,65000,0,30000,Transfer,Supplier A,Selesai,13 April 2026,15 April 2026
2034,Tipe A,100000,70000,70000,0,30000,Transfer,Supplier B,Selesai,13 April 2026,15 April 2026
2035,Tipe A,95000,70000,70000,0,25000,Transfer,Supplier B,Selesai,13 April 2026,15 April 2026
2036,Tipe A,95000,70000,70000,0,25000,Transfer,Supplier B,Selesai,13 April 2026,15 April 2026
2037,Tipe A,95000,70000,70000,0,25000,Transfer,Supplier B,Selesai,13 April 2026,15 April 2026
2038,Tipe A,95000,70000,70000,0,25000,Transfer,Supplier B,Selesai,13 April 2026,20 April 2026
2039,Tipe A,50000,70000,70000,0,20000,Transfer,Supplier B,Selesai,13 April 2026,15 April 2026
2040,Tipe A,95000,70000,70000,0,25000,Transfer,Supplier B,Selesai,13 April 2026,15 April 2026
2041,Tipe A,95000,75000,75000,0,20000,Transfer,Supplier D,Selesai,14 April 2026,15 April 2026
2042,Tipe A,90000,75000,75000,0,15000,Transfer,Supplier D,Selesai,14 April 2026,15 April 2026
2043,Tipe A,95000,75000,75000,0,20000,Transfer,Supplier D,Selesai,14 April 2026,15 April 2026
2044,Tipe A,95000,75000,75000,0,20000,Transfer,Supplier D,Selesai,14 April 2026,15 April 2026
2045,Tipe A,95000,65000,65000,0,30000,Transfer,Supplier D,Selesai,14 April 2026,15 April 2026
2046,Tipe A,90000,65000,65000,0,25000,Transfer,Supplier A,Selesai,14 April 2026,15 April 2026
2047,Tipe A,95000,65000,65000,0,30000,Transfer,Supplier A,Selesai,14 April 2026,15 April 2026
2048,Tipe A,95000,65000,65000,0,30000,Transfer,Supplier A,Selesai,14 April 2026,15 April 2026
2049,Tipe A,95000,65000,65000,0,30000,Transfer,Supplier A,Selesai,14 April 2026,15 April 2026
2050,Tipe A,95000,65000,65000,0,30000,Transfer,Supplier A,Selesai,14 April 2026,15 April 2026
2051,Tipe A,95000,65000,65000,0,30000,Transfer,Supplier A,Selesai,14 April 2026,15 April 2026
2052,Tipe A,95000,65000,65000,0,30000,Transfer,Supplier A,Selesai,14 April 2026,15 April 2026
2053,Tipe A,95000,65000,65000,0,30000,Transfer,Supplier A,Selesai,14 April 2026,15 April 2026
2054,Tipe A,65000,65000,65000,0,0,Transfer,Supplier A,Selesai,14 April 2026,15 April 2026
2055,Tipe A,95000,65000,65000,0,30000,Transfer,Supplier A,Selesai,14 April 2026,15 April 2026
2056,Tipe A,95000,65000,65000,0,30000,Transfer,Supplier A,Selesai,14 April 2026,15 April 2026
2057,Tipe A,95000,70000,70000,0,25000,Transfer,Supplier H,Selesai,14 April 2026,18 April 2026
2058,Tipe A,95000,70000,70000,0,25000,Transfer,Supplier H,Selesai,14 April 2026,18 April 2026
2059,Tipe A,95000,65000,65000,0,30000,Transfer,Supplier A,Selesai,15 April 2026,18 April 2026
2060,Tipe A,90000,65000,65000,0,25000,Transfer,Supplier A,Selesai,15 April 2026,18 April 2026
2061,Tipe A,95000,65000,65000,0,30000,Transfer,Supplier A,Selesai,15 April 2026,18 April 2026
2062,Tipe A,95000,65000,65000,0,30000,Transfer,Supplier A,Selesai,15 April 2026,18 April 2026
2063,Tipe A,95000,65000,65000,0,30000,Transfer,Supplier A,Selesai,15 April 2026,18 April 2026
2064,Tipe A,95000,65000,65000,0,30000,Transfer,Supplier A,Selesai,15 April 2026,18 April 2026
2065,Tipe A,95000,65000,65000,0,30000,Transfer,Supplier A,Selesai,15 April 2026,18 April 2026
2066,Tipe A,95000,65000,65000,0,30000,Transfer,Supplier A,Selesai,15 April 2026,18 April 2026
2067,Tipe A,95000,70000,70000,0,25000,Transfer,Supplier B,Selesai,15 April 2026,21 April 2026
2068,Tipe A,95000,70000,70000,0,25000,Transfer,Supplier B,Selesai,15 April 2026,18 April 2026
2069,Tipe A,95000,70000,70000,0,25000,Transfer,Supplier H,Selesai,15 April 2026,20 April 2026
2070,Tipe A,95000,70000,70000,0,25000,Transfer,Supplier H,Selesai,15 April 2026,18 April 2026
2071,Tipe A,94000,70000,70000,0,24000,Transfer,Supplier F,Selesai,16 April 2026,18 April 2026
2072,Tipe A,95000,70000,70000,0,25000,Transfer,Supplier F,Selesai,16 April 2026,18 April 2026
2073,Tipe A,95000,70000,70000,0,25000,Transfer,Supplier F,Selesai,16 April 2026,18 April 2026
2074,Tipe A,95000,70000,70000,0,25000,Transfer,Supplier F,Selesai,16 April 2026,18 April 2026
2075,Tipe A,95000,70000,70000,0,25000,Transfer,Supplier F,Selesai,16 April 2026,18 April 2026
2076,Tipe A,95000,60000,60000,0,35000,Transfer,Supplier A,Selesai,16 April 2026,18 April 2026
2077,Tipe A,95000,60000,60000,0,35000,Transfer,Supplier A,Selesai,16 April 2026,18 April 2026
2078,Tipe A,95000,65000,65000,0,30000,Transfer,Supplier A,Selesai,16 April 2026,18 April 2026
2079,Tipe A,95000,65000,65000,0,30000,Transfer,Supplier A,Selesai,16 April 2026,18 April 2026
2080,Tipe A,95000,60000,60000,0,35000,Transfer,Supplier A,Selesai,17 April 2026,18 April 2026
2081,Tipe A,95000,60000,60000,0,35000,Transfer,Supplier A,Selesai,17 April 2026,18 April 2026
2082,Tipe A,95000,60000,60000,0,35000,Transfer,Supplier A,Selesai,17 April 2026,18 April 2026
2083,Tipe A,95000,60000,60000,0,35000,Transfer,Supplier A,Selesai,17 April 2026,18 April 2026
2084,Tipe A,95000,60000,60000,0,35000,Transfer,Supplier A,Selesai,17 April 2026,18 April 2026
2085,Tipe A,95000,60000,60000,0,35000,Transfer,Supplier A,Selesai,17 April 2026,18 April 2026
2086,Tipe A,95000,60000,60000,0,35000,Transfer,Supplier A,Selesai,17 April 2026,18 April 2026
2087,Tipe A,95000,60000,60000,0,35000,Transfer,Supplier A,Selesai,17 April 2026,18 April 2026
2088,Tipe A,95000,60000,60000,0,35000,Transfer,Supplier A,Selesai,17 April 2026,18 April 2026
2089,Tipe A,95000,70000,70000,0,25000,Transfer,Supplier H,Selesai,17 April 2026,18 April 2026
2090,Tipe A,95000,70000,70000,0,25000,Transfer,Supplier H,Selesai,17 April 2026,18 April 2026
2091,Tipe A,95000,70000,70000,0,25000,Transfer,Supplier H,Selesai,17 April 2026,18 April 2026
2092,Tipe A,95000,60000,60000,0,35000,Transfer,Supplier A,Selesai,18 April 2026,19 April 2026
2093,Tipe A,180000,60000,60000,0,120000,Transfer,Supplier A,Selesai,18 April 2026,19 April 2026
2094,Tipe A,95000,60000,60000,0,35000,Transfer,Supplier A,Selesai,18 April 2026,19 April 2026
2095,Tipe A,95000,60000,60000,0,35000,Transfer,Supplier A,Selesai,18 April 2026,19 April 2026
2096,Tipe A,95000,60000,60000,0,35000,Transfer,Supplier A,Selesai,18 April 2026,19 April 2026
2097,Tipe A,95000,60000,60000,0,35000,Transfer,Supplier A,Selesai,18 April 2026,19 April 2026
2098,Tipe A,95000,60000,60000,0,35000,Transfer,Supplier A,Selesai,18 April 2026,19 April 2026
2099,Tipe A,95000,60000,60000,0,35000,Transfer,Supplier A,Selesai,18 April 2026,19 April 2026
2100,Tipe A,95000,60000,60000,0,35000,Transfer,Supplier A,Selesai,18 April 2026,19 April 2026
2101,Tipe A,95000,60000,60000,0,35000,Transfer,Supplier A,Selesai,18 April 2026,19 April 2026
2102,Tipe A,90000,60000,60000,0,30000,Transfer,Supplier A,Selesai,18 April 2026,19 April 2026
2103,Tipe A,95000,60000,60000,0,35000,Transfer,Supplier A,Selesai,18 April 2026,19 April 2026
2104,Tipe A,95000,60000,60000,0,35000,Transfer,Supplier A,Selesai,18 April 2026,19 April 2026
2105,Tipe A,95000,70000,70000,0,25000,Transfer,Supplier G,Selesai,18 April 2026,19 April 2026
2106,Tipe A,120000,70000,70000,0,50000,Transfer,Supplier A,Selesai,18 April 2026,19 April 2026
2107,Tipe A,95000,65000,65000,0,30000,Transfer,Supplier E,Selesai,19 April 2026,19 April 2026
2108,Tipe A,95000,65000,65000,0,30000,Transfer,Supplier F,Selesai,19 April 2026,20 April 2026
2109,Tipe A,100000,65000,65000,0,35000,Transfer,Supplier F,Selesai,19 April 2026,20 April 2026
2110,Tipe A,95000,65000,65000,0,30000,Transfer,Supplier F,Selesai,19 April 2026,20 April 2026
2111,Tipe A,95000,65000,65000,0,30000,Transfer,Supplier F,Selesai,19 April 2026,20 April 2026
2112,Tipe A,95000,70000,70000,0,25000,Transfer,Supplier B,Selesai,19 April 2026,23 April 2026
2113,Tipe A,95000,70000,70000,0,25000,Transfer,Supplier B,Selesai,20 April 2026,21 April 2026
2114,Tipe A,95000,70000,70000,0,25000,Transfer,Supplier B,Selesai,20 April 2026,20 April 2026
2115,Tipe A,100000,60000,60000,0,40000,Transfer,Supplier A,Selesai,20 April 2026,20 April 2026
2116,Tipe A,95000,60000,60000,0,35000,Transfer,Supplier A,Selesai,20 April 2026,20 April 2026
2117,Tipe A,95000,60000,60000,0,35000,Transfer,Supplier A,Selesai,20 April 2026,20 April 2026
2118,Tipe A,95000,60000,60000,0,35000,Transfer,Supplier A,Selesai,20 April 2026,20 April 2026
2119,Tipe A,95000,60000,60000,0,35000,Transfer,Supplier A,Selesai,20 April 2026,20 April 2026
2120,Tipe A,95000,60000,60000,0,35000,Transfer,Supplier A,Selesai,20 April 2026,20 April 2026
2121,Tipe A,90000,60000,60000,0,30000,Transfer,Supplier A,Selesai,20 April 2026,20 April 2026
2122,Tipe A,95000,60000,60000,0,35000,Transfer,Supplier A,Selesai,20 April 2026,20 April 2026
2123,Tipe A,95000,60000,60000,0,35000,Transfer,Supplier A,Selesai,20 April 2026,20 April 2026
2124,Tipe A,95000,60000,60000,0,35000,Transfer,Supplier A,Selesai,20 April 2026,20 April 2026
2125,Tipe A,135000,60000,60000,0,75000,Transfer,Supplier A,Selesai,20 April 2026,20 April 2026
2126,Tipe A,90000,60000,60000,0,30000,Transfer,Supplier A,Selesai,20 April 2026,23 April 2026
2127,Tipe A,60000,60000,60000,0,0,Transfer,Supplier A,Selesai,21 April 2026,23 April 2026
2128,Tipe A,95000,60000,60000,0,35000,Transfer,Supplier A,Selesai,21 April 2026,23 April 2026
2129,Tipe A,95000,60000,60000,0,35000,Transfer,Supplier A,Selesai,21 April 2026,23 April 2026
2130,Tipe A,90000,60000,60000,0,30000,Transfer,Supplier A,Selesai,21 April 2026,23 April 2026
2131,Tipe A,95000,60000,60000,0,35000,Transfer,Supplier A,Selesai,21 April 2026,23 April 2026
2132,Tipe A,95000,60000,60000,0,35000,Transfer,Supplier A,Selesai,21 April 2026,23 April 2026
2133,Tipe A,90000,60000,60000,0,30000,Transfer,Supplier A,Selesai,21 April 2026,23 April 2026
2134,Tipe A,95000,60000,60000,0,35000,Transfer,Supplier A,Selesai,21 April 2026,23 April 2026
2135,Tipe A,95000,60000,60000,0,35000,Transfer,Supplier A,Selesai,21 April 2026,23 April 2026
2136,Tipe A,100000,60000,60000,0,40000,Transfer,Supplier A,Selesai,21 April 2026,23 April 2026
2137,Tipe A,95000,60000,60000,0,35000,Transfer,Supplier A,Selesai,21 April 2026,23 April 2026
2138,Tipe A,95000,60000,60000,0,35000,Transfer,Supplier A,Selesai,21 April 2026,23 April 2026
2139,Tipe A,95000,60000,60000,0,35000,Transfer,Supplier A,Selesai,21 April 2026,23 April 2026
2140,Tipe A,95000,60000,60000,0,35000,Transfer,Supplier A,Selesai,21 April 2026,23 April 2026
2141,Tipe A,95000,65000,65000,0,30000,Transfer,Supplier F,Selesai,21 April 2026,23 April 2026
2142,Tipe A,90000,65000,65000,0,25000,Transfer,Supplier A,Selesai,21 April 2026,23 April 2026
2143,Tipe A,95000,65000,65000,0,30000,Transfer,Supplier E,Selesai,22 April 2026,23 April 2026
2144,Tipe A,90000,70000,70000,0,20000,Transfer,Supplier G,Selesai,21 April 2026,23 April 2026
2145,Tipe A,95000,60000,60000,0,35000,Transfer,Supplier D,Selesai,22 April 2026,23 April 2026
2146,Tipe A,90000,60000,60000,0,30000,Transfer,Supplier D,Selesai,22 April 2026,23 April 2026
2147,Tipe A,90000,60000,60000,0,30000,Transfer,Supplier D,Selesai,22 April 2026,24 April 2026
2148,Tipe A,95000,60000,60000,0,35000,Transfer,Supplier D,Selesai,22 April 2026,24 April 2026
2149,Tipe A,90000,60000,60000,0,30000,Transfer,Supplier D,Selesai,22 April 2026,27 April 2026
2150,Tipe A,95000,60000,60000,0,35000,Transfer,Supplier D,Selesai,22 April 2026,24 April 2026
2151,Tipe A,90000,60000,60000,0,30000,Transfer,Supplier D,Selesai,22 April 2026,24 April 2026
2152,Tipe A,90000,60000,60000,0,30000,Transfer,Supplier A,Selesai,22 April 2026,24 April 2026
2153,Tipe A,95000,60000,60000,0,35000,Transfer,Supplier D,Selesai,22 April 2026,24 April 2026
2154,Tipe A,90000,60000,60000,0,30000,Transfer,Supplier D,Selesai,22 April 2026,24 April 2026
2155,Tipe A,95000,60000,60000,0,35000,Transfer,Supplier D,Selesai,22 April 2026,24 April 2026
2156,Tipe A,90000,65000,65000,0,25000,Transfer,Supplier B,Selesai,23 April 2026,24 April 2026
2157,Tipe A,95000,65000,65000,0,30000,Transfer,Supplier B,Selesai,23 April 2026,27 April 2026
2158,Tipe A,90000,65000,65000,0,25000,Transfer,Supplier B,Selesai,23 April 2026,24 April 2026
2159,Tipe A,90000,65000,65000,0,25000,Transfer,Supplier B,Selesai,23 April 2026,24 April 2026
2160,Tipe A,95000,65000,65000,0,30000,Transfer,Supplier B,Selesai,23 April 2026,27 April 2026
2161,Tipe A,90000,65000,65000,0,25000,Transfer,Supplier B,Selesai,23 April 2026,24 April 2026
2162,Tipe A,90000,65000,65000,0,25000,Transfer,Supplier B,Selesai,23 April 2026,24 April 2026
2163,Tipe A,90000,65000,65000,0,25000,Transfer,Supplier B,Selesai,23 April 2026,24 April 2026
2164,Tipe A,90000,60000,60000,0,30000,Transfer,Supplier A,Selesai,23 April 2026,24 April 2026
2165,Tipe A,90000,60000,60000,0,30000,Transfer,Supplier A,Selesai,23 April 2026,24 April 2026
2166,Tipe A,90000,60000,60000,0,30000,Transfer,Supplier A,Selesai,23 April 2026,24 April 2026
2167,Tipe A,90000,60000,60000,0,30000,Transfer,Supplier A,Selesai,23 April 2026,24 April 2026
2168,Tipe A,90000,60000,60000,0,30000,Transfer,Supplier A,Selesai,23 April 2026,24 April 2026
2169,Tipe A,90000,60000,60000,0,30000,Transfer,Supplier A,Selesai,23 April 2026,24 April 2026
2170,Tipe A,90000,60000,60000,0,30000,Transfer,Supplier A,Selesai,23 April 2026,24 April 2026
2171,Tipe A,90000,60000,60000,0,30000,Transfer,Supplier A,Selesai,24 April 2026,29 April 2026
2172,Tipe A,95000,60000,60000,0,35000,Transfer,Supplier A,Selesai,24 April 2026,27 April 2026
2173,Tipe A,90000,60000,60000,0,30000,Transfer,Supplier A,Selesai,24 April 2026,25 April 2026
2174,Tipe A,90000,60000,60000,0,30000,Transfer,Supplier A,Selesai,24 April 2026,25 April 2026
2175,Tipe A,90000,60000,60000,0,30000,Transfer,Supplier A,Selesai,24 April 2026,25 April 2026
2176,Tipe A,90000,60000,60000,0,30000,Transfer,Supplier A,Selesai,24 April 2026,25 April 2026
2177,Tipe A,90000,60000,60000,0,30000,Transfer,Supplier A,Selesai,24 April 2026,25 April 2026
2178,Tipe A,90000,60000,60000,0,30000,Transfer,Supplier A,Selesai,24 April 2026,25 April 2026
2179,Tipe A,90000,60000,60000,0,30000,Transfer,Supplier A,Selesai,24 April 2026,25 April 2026
2180,Tipe A,90000,60000,60000,0,30000,Transfer,Supplier A,Selesai,24 April 2026,27 April 2026
2181,Tipe A,90000,60000,60000,0,30000,Transfer,Supplier A,Selesai,24 April 2026,27 April 2026
2182,Tipe A,45000,60000,60000,0,15000,Transfer,Supplier A,Selesai,24 April 2026,25 April 2026
2183,Tipe A,95000,60000,60000,0,35000,Transfer,Supplier A,Selesai,24 April 2026,25 April 2026
2184,Tipe A,90000,60000,60000,0,30000,Transfer,Supplier A,Selesai,24 April 2026,25 April 2026
2185,Tipe A,90000,60000,60000,0,30000,Transfer,Supplier A,Selesai,24 April 2026,25 April 2026
2186,Tipe A,90000,60000,60000,0,30000,Transfer,Supplier A,Selesai,24 April 2026,25 April 2026
2187,Tipe A,90000,60000,60000,0,30000,Transfer,Supplier A,Selesai,24 April 2026,25 April 2026
2188,Tipe A,90000,65000,65000,0,25000,Transfer,Supplier E,Selesai,24 April 2026,25 April 2026
2189,Tipe A,90000,60000,60000,0,30000,Transfer,Supplier A,Selesai,25 April 2026,25 April 2026
2190,Tipe A,90000,60000,60000,0,30000,Transfer,Supplier A,Selesai,25 April 2026,25 April 2026
2191,Tipe A,90000,60000,60000,0,30000,Transfer,Supplier A,Selesai,25 April 2026,25 April 2026
2192,Tipe A,90000,60000,60000,0,30000,Transfer,Supplier A,Selesai,25 April 2026,25 April 2026
2193,Tipe A,90000,60000,60000,0,30000,Transfer,Supplier A,Selesai,25 April 2026,25 April 2026
2194,Tipe A,90000,60000,60000,0,30000,Transfer,Supplier A,Selesai,25 April 2026,27 April 2026
2195,Tipe A,90000,60000,60000,0,30000,Transfer,Supplier A,Selesai,25 April 2026,25 April 2026
2196,Tipe A,90000,60000,60000,0,30000,Transfer,Supplier A,Selesai,25 April 2026,25 April 2026
2197,Tipe A,90000,60000,60000,0,30000,Transfer,Supplier A,Selesai,25 April 2026,25 April 2026
2198,Tipe A,85000,60000,60000,0,25000,Transfer,Supplier D,Selesai,25 April 2026,25 April 2026
2199,Tipe A,85000,60000,60000,0,25000,Transfer,Supplier D,Selesai,25 April 2026,25 April 2026
2200,Tipe A,90000,60000,60000,0,30000,Transfer,Supplier D,Selesai,25 April 2026,25 April 2026
2201,Tipe A,90000,60000,60000,0,30000,Transfer,Supplier D,Selesai,25 April 2026,25 April 2026
2202,Tipe A,90000,60000,60000,0,30000,Transfer,Supplier D,Selesai,25 April 2026,25 April 2026
2203,Tipe A,90000,65000,65000,0,25000,Transfer,Supplier G,Selesai,26 April 2026,27 April 2026
2204,Tipe A,90000,65000,65000,0,25000,Transfer,Supplier E,Selesai,26 April 2026,27 April 2026
2205,Tipe A,90000,65000,65000,0,25000,Transfer,Supplier E,Selesai,26 April 2026,27 April 2026
2206,Tipe A,90000,65000,65000,0,25000,Transfer,Supplier E,Selesai,26 April 2026,27 April 2026
2207,Tipe A,90000,60000,60000,0,30000,Transfer,Supplier A,Selesai,26 April 2026,27 April 2026
2208,Tipe A,90000,60000,60000,0,30000,Transfer,Supplier A,Selesai,26 April 2026,27 April 2026
2209,Tipe A,90000,60000,60000,0,30000,Transfer,Supplier A,Selesai,26 April 2026,27 April 2026
2210,Tipe A,90000,60000,60000,0,30000,Transfer,Supplier A,Selesai,26 April 2026,27 April 2026
2211,Tipe A,90000,60000,60000,0,30000,Transfer,Supplier A,Selesai,26 April 2026,27 April 2026
2212,Tipe A,90000,60000,60000,0,30000,Transfer,Supplier A,Selesai,26 April 2026,27 April 2026
2213,Tipe A,90000,60000,60000,0,30000,Transfer,Supplier A,Selesai,26 April 2026,27 April 2026
2214,Tipe A,90000,60000,60000,0,30000,Transfer,Supplier A,Selesai,26 April 2026,27 April 2026
2215,Tipe A,90000,60000,60000,0,30000,Transfer,Supplier A,Selesai,26 April 2026,27 April 2026
2216,Tipe A,90000,60000,60000,0,30000,Transfer,Supplier A,Selesai,26 April 2026,27 April 2026
2217,Tipe A,90000,60000,60000,0,30000,Transfer,Supplier A,Selesai,26 April 2026,27 April 2026
2218,Tipe A,90000,60000,60000,0,30000,Transfer,Supplier A,Selesai,26 April 2026,27 April 2026
2219,Tipe A,90000,60000,60000,0,30000,Transfer,Supplier A,Selesai,27 April 2026,27 April 2026
2220,Tipe A,90000,60000,60000,0,30000,Transfer,Supplier A,Selesai,26 April 2026,5 Mei 2026
2221,Tipe A,90000,60000,60000,0,30000,Transfer,Supplier A,Selesai,27 April 2026,5 Mei 2026
2222,Tipe A,90000,60000,60000,0,30000,Transfer,Supplier A,Selesai,26 April 2026,27 April 2026
2223,Tipe A,90000,60000,60000,0,30000,Transfer,Supplier A,Selesai,26 April 2026,27 April 2026
2224,Tipe A,90000,60000,60000,0,30000,Transfer,Supplier A,Selesai,26 April 2026,27 April 2026
2225,Tipe A,90000,60000,60000,0,30000,Transfer,Supplier A,Selesai,26 April 2026,27 April 2026
2226,Tipe A,90000,60000,60000,0,30000,Transfer,Supplier A,Selesai,26 April 2026,27 April 2026
2227,Tipe A,90000,65000,65000,0,25000,Transfer,Supplier F,Selesai,28 April 2026,30 April 2026
2228,Tipe A,90000,65000,65000,0,25000,Transfer,Supplier F,Selesai,28 April 2026,30 April 2026
2229,Tipe A,95000,65000,65000,0,30000,Transfer,Supplier B,Selesai,27 April 2026,30 April 2026
2230,Tipe A,90000,65000,65000,0,25000,Transfer,Supplier B,Selesai,27 April 2026,30 April 2026
2231,Tipe A,90000,60000,60000,0,30000,Transfer,Supplier A,Selesai,28 April 2026,30 April 2026
2232,Tipe A,120000,60000,60000,0,60000,Transfer,Supplier A,Selesai,28 April 2026,2 Mei 2026
2233,Tipe A,90000,60000,60000,0,30000,Transfer,Supplier A,Selesai,28 April 2026,30 April 2026
2234,Tipe A,90000,60000,60000,0,30000,Transfer,Supplier A,Selesai,28 April 2026,30 April 2026
2235,Tipe A,90000,60000,60000,0,30000,Transfer,Supplier A,Selesai,28 April 2026,30 April 2026
2236,Tipe A,90000,60000,60000,0,30000,Transfer,Supplier A,Selesai,28 April 2026,30 April 2026
2237,Tipe A,90000,60000,60000,0,30000,Transfer,Supplier A,Selesai,28 April 2026,30 April 2026
2238,Tipe A,90000,60000,60000,0,30000,Transfer,Supplier A,Selesai,28 April 2026,30 April 2026
2239,Tipe A,80000,60000,60000,0,20000,Transfer,Supplier A,Selesai,28 April 2026,30 April 2026
2240,Tipe A,90000,60000,60000,0,30000,Transfer,Supplier A,Selesai,28 April 2026,30 April 2026
2241,Tipe A,90000,60000,60000,0,30000,Transfer,Supplier A,Selesai,28 April 2026,30 April 2026
2242,Tipe A,90000,60000,60000,0,30000,Transfer,Supplier A,Selesai,28 April 2026,9 Mei 2026
2243,Tipe A,90000,60000,60000,0,30000,Transfer,Supplier A,Selesai,28 April 2026,30 April 2026
2244,Tipe A,90000,60000,60000,0,30000,Transfer,Supplier A,Selesai,28 April 2026,30 April 2026
2245,Tipe A,80000,60000,60000,0,20000,Transfer,Supplier A,Selesai,28 April 2026,30 April 2026
2246,Tipe A,90000,60000,60000,0,30000,Transfer,Supplier A,Selesai,28 April 2026,30 April 2026
2247,Tipe A,90000,60000,60000,0,30000,Transfer,Supplier A,Selesai,29 April 2026,6 Mei 2026
2248,Tipe A,90000,55000,55000,0,35000,Transfer,Supplier A,Selesai,29 April 2026,30 April 2026
2249,Tipe A,90000,55000,55000,0,35000,Transfer,Supplier A,Selesai,29 April 2026,30 April 2026
2250,Tipe A,90000,55000,55000,0,35000,Transfer,Supplier A,Selesai,29 April 2026,30 April 2026
2251,Tipe A,90000,55000,55000,0,35000,Transfer,Supplier A,Selesai,29 April 2026,30 April 2026
2252,Tipe A,90000,55000,55000,0,35000,Transfer,Supplier A,Selesai,29 April 2026,30 April 2026
2253,Tipe A,90000,55000,55000,0,35000,Transfer,Supplier A,Selesai,29 April 2026,30 April 2026
2254,Tipe A,90000,65000,65000,0,25000,Transfer,Supplier F,Selesai,29 April 2026,30 April 2026
2255,Tipe A,90000,65000,65000,0,25000,Transfer,Supplier F,Selesai,29 April 2026,30 April 2026
2256,Tipe A,90000,65000,65000,0,25000,Transfer,Supplier F,Selesai,29 April 2026,5 Mei 2026
2257,Tipe A,90000,65000,65000,0,25000,Transfer,Supplier F,Selesai,29 April 2026,30 April 2026
2258,Tipe A,90000,65000,65000,0,25000,Transfer,Supplier F,Selesai,29 April 2026,30 April 2026
2259,Tipe A,90000,65000,65000,0,25000,Transfer,Supplier F,Selesai,29 April 2026,9 Mei 2026
2260,Tipe A,90000,65000,65000,0,25000,Transfer,Supplier E,Selesai,30 April 2026,30 April 2026
2261,Tipe A,90000,65000,65000,0,25000,Transfer,Supplier E,Selesai,30 April 2026,30 April 2026
2262,Tipe A,78000,65000,65000,0,13000,Transfer,Supplier H,Selesai,29 April 2026,2 Mei 2026
2263,Tipe A,78000,65000,65000,0,13000,Transfer,Supplier H,Selesai,29 April 2026,2 Mei 2026
2264,Tipe A,78000,65000,65000,0,13000,Transfer,Supplier H,Selesai,29 April 2026,2 Mei 2026
2265,Tipe A,78000,65000,65000,0,13000,Transfer,Supplier H,Selesai,29 April 2026,2 Mei 2026
2266,Tipe A,78000,65000,65000,0,13000,Transfer,Supplier H,Selesai,29 April 2026,2 Mei 2026
2267,Tipe A,90000,65000,65000,0,25000,Transfer,Supplier H,Selesai,29 April 2026,2 Mei 2026
2268,Tipe A,80000,65000,65000,0,15000,Transfer,Supplier H,Selesai,29 April 2026,2 Mei 2026
2269,Tipe A,90000,65000,65000,0,25000,Transfer,Supplier H,Selesai,29 April 2026,2 Mei 2026
2270,Tipe A,90000,55000,55000,0,35000,Transfer,Supplier A,Selesai,30 April 2026,2 Mei 2026
2271,Tipe A,90000,55000,55000,0,35000,Transfer,Supplier A,Selesai,30 April 2026,2 Mei 2026
2272,Tipe A,90000,55000,55000,0,35000,Transfer,Supplier A,Selesai,30 April 2026,4 Mei 2026
2273,Tipe A,80000,55000,55000,0,25000,Transfer,Supplier A,Selesai,30 April 2026,2 Mei 2026
2274,Tipe A,85000,55000,55000,0,30000,Transfer,Supplier A,Selesai,30 April 2026,2 Mei 2026
2275,Tipe A,85000,55000,55000,0,30000,Transfer,Supplier A,Selesai,30 April 2026,2 Mei 2026
2276,Tipe A,85000,55000,55000,0,30000,Transfer,Supplier A,Selesai,30 April 2026,2 Mei 2026
2277,Tipe A,90000,55000,55000,0,35000,Transfer,Supplier A,Selesai,30 April 2026,2 Mei 2026
2278,Tipe A,90000,55000,55000,0,35000,Transfer,Supplier A,Selesai,30 April 2026,2 Mei 2026
2279,Tipe A,95000,65000,65000,0,30000,Transfer,Supplier H,Selesai,1 Mei 2026,2 Mei 2026
2280,Tipe A,90000,65000,65000,0,25000,Transfer,Supplier H,Selesai,1 Mei 2026,2 Mei 2026
2281,Tipe A,85000,65000,65000,0,20000,Transfer,Supplier H,Selesai,1 Mei 2026,2 Mei 2026
2282,Tipe A,90000,55000,55000,0,35000,Transfer,Supplier A,Selesai,1 Mei 2026,9 Mei 2026
2283,Tipe A,90000,55000,55000,0,35000,Transfer,Supplier A,Selesai,1 Mei 2026,2 Mei 2026
2284,Tipe A,90000,55000,55000,0,35000,Transfer,Supplier A,Belum_lunas,1 Mei 2026,2 Mei 2026
2285,Tipe A,90000,55000,55000,0,35000,Transfer,Supplier A,Selesai,1 Mei 2026,2 Mei 2026
2286,Tipe A,90000,55000,55000,0,35000,Transfer,Supplier A,Selesai,1 Mei 2026,4 Mei 2026
2287,Tipe A,90000,55000,55000,0,35000,Transfer,Supplier A,Selesai,1 Mei 2026,2 Mei 2026
2288,Tipe A,85000,55000,55000,0,30000,Transfer,Supplier A,Selesai,1 Mei 2026,2 Mei 2026
2289,Tipe A,90000,55000,55000,0,35000,Transfer,Supplier A,Selesai,1 Mei 2026,2 Mei 2026
2290,Tipe A,90000,55000,55000,0,35000,Transfer,Supplier A,Selesai,1 Mei 2026,6 Mei 2026
2291,Tipe A,90000,55000,55000,0,35000,Transfer,Supplier A,Selesai,1 Mei 2026,2 Mei 2026
2292,Tipe A,90000,55000,55000,0,35000,Transfer,Supplier A,Selesai,1 Mei 2026,6 Mei 2026
2293,Tipe A,90000,55000,55000,0,35000,Transfer,Supplier A,Selesai,1 Mei 2026,2 Mei 2026
2294,Tipe A,90000,60000,60000,0,30000,Transfer,Supplier D,Selesai,30 April 2026,2 Mei 2026
2295,Tipe A,90000,60000,60000,0,30000,Transfer,Supplier D,Selesai,30 April 2026,2 Mei 2026
2296,Tipe A,90000,60000,60000,0,30000,Transfer,Supplier D,Selesai,30 April 2026,2 Mei 2026
2297,Tipe A,90000,65000,65000,0,25000,Transfer,Supplier E,Selesai,2 Mei 2026,2 Mei 2026
2298,Tipe A,90000,65000,65000,0,25000,Transfer,Supplier E,Selesai,2 Mei 2026,2 Mei 2026
2299,Tipe A,90000,65000,65000,0,25000,Transfer,Supplier E,Selesai,2 Mei 2026,2 Mei 2026
2300,Tipe A,90000,65000,65000,0,25000,Transfer,Supplier E,Selesai,2 Mei 2026,2 Mei 2026
2301,Tipe A,90000,55000,55000,0,35000,Transfer,Supplier A,Selesai,2 Mei 2026,6 Mei 2026
2302,Tipe A,90000,55000,55000,0,35000,Transfer,Supplier A,Selesai,2 Mei 2026,4 Mei 2026
2303,Tipe A,85000,55000,55000,0,30000,Transfer,Supplier A,Selesai,2 Mei 2026,4 Mei 2026
2304,Tipe A,85000,55000,55000,0,30000,Transfer,Supplier A,Selesai,2 Mei 2026,4 Mei 2026
2305,Tipe A,85000,55000,55000,0,30000,Transfer,Supplier A,Selesai,2 Mei 2026,4 Mei 2026
2306,Tipe A,85000,55000,55000,0,30000,Transfer,Supplier A,Selesai,2 Mei 2026,4 Mei 2026
2307,Tipe A,45000,55000,55000,0,10000,Transfer,Supplier A,Selesai,2 Mei 2026,4 Mei 2026
2308,Tipe A,85000,55000,55000,0,30000,Transfer,Supplier A,Selesai,2 Mei 2026,4 Mei 2026
2309,Tipe A,85000,55000,55000,0,30000,Transfer,Supplier A,Selesai,2 Mei 2026,4 Mei 2026
2310,Tipe A,90000,55000,55000,0,35000,Transfer,Supplier A,Selesai,2 Mei 2026,4 Mei 2026
2311,Tipe A,90000,55000,55000,0,35000,Transfer,Supplier A,Selesai,2 Mei 2026,4 Mei 2026
2312,Tipe A,90000,55000,55000,0,35000,Transfer,Supplier A,Selesai,2 Mei 2026,4 Mei 2026
2313,Tipe A,90000,55000,55000,0,35000,Transfer,Supplier A,Selesai,2 Mei 2026,4 Mei 2026
2314,Tipe A,85000,55000,55000,0,30000,Transfer,Supplier A,Selesai,3 Mei 2026,4 Mei 2026
2315,Tipe A,85000,55000,55000,0,30000,Transfer,Supplier A,Selesai,3 Mei 2026,4 Mei 2026
2316,Tipe A,85000,55000,55000,0,30000,Transfer,Supplier A,Selesai,3 Mei 2026,4 Mei 2026
2317,Tipe A,85000,55000,55000,0,30000,Transfer,Supplier A,Selesai,3 Mei 2026,4 Mei 2026
2318,Tipe A,90000,55000,55000,0,35000,Transfer,Supplier A,Selesai,3 Mei 2026,4 Mei 2026
2319,Tipe A,90000,55000,55000,0,35000,Transfer,Supplier A,Selesai,3 Mei 2026,4 Mei 2026
2320,Tipe A,90000,55000,55000,0,35000,Transfer,Supplier A,Selesai,3 Mei 2026,4 Mei 2026
2321,Tipe A,130000,55000,55000,0,75000,Transfer,Supplier A,Selesai,3 Mei 2026,4 Mei 2026
2322,Tipe A,85000,55000,55000,0,30000,Transfer,Supplier A,Selesai,3 Mei 2026,4 Mei 2026
2323,Tipe A,90000,55000,55000,0,35000,Transfer,Supplier A,Selesai,3 Mei 2026,4 Mei 2026
2324,Tipe A,90000,55000,55000,0,35000,Transfer,Supplier A,Selesai,3 Mei 2026,4 Mei 2026
2325,Tipe A,85000,55000,55000,0,30000,Transfer,Supplier A,Selesai,3 Mei 2026,4 Mei 2026
2326,Tipe A,85000,55000,55000,0,30000,Transfer,Supplier A,Selesai,3 Mei 2026,4 Mei 2026
2327,Tipe A,90000,55000,55000,0,35000,Transfer,Supplier A,Selesai,3 Mei 2026,4 Mei 2026
2328,Tipe A,95000,55000,55000,0,40000,Transfer,Supplier A,Selesai,3 Mei 2026,4 Mei 2026
2329,Tipe A,90000,55000,55000,0,35000,Transfer,Supplier A,Selesai,4 Mei 2026,5 Mei 2026
2330,Tipe A,90000,55000,55000,0,35000,Transfer,Supplier A,Selesai,4 Mei 2026,5 Mei 2026
2331,Tipe A,90000,55000,55000,0,35000,Transfer,Supplier A,Selesai,4 Mei 2026,5 Mei 2026
2332,Tipe A,90000,55000,55000,0,35000,Transfer,Supplier A,Selesai,4 Mei 2026,5 Mei 2026
2333,Tipe A,90000,55000,55000,0,35000,Transfer,Supplier A,Selesai,4 Mei 2026,9 Mei 2026
2334,Tipe A,90000,55000,55000,0,35000,Transfer,Supplier A,Selesai,4 Mei 2026,5 Mei 2026
2335,Tipe A,90000,55000,55000,0,35000,Transfer,Supplier A,Selesai,4 Mei 2026,5 Mei 2026
2336,Tipe A,90000,55000,55000,0,35000,Transfer,Supplier A,Selesai,4 Mei 2026,5 Mei 2026
2337,Tipe A,90000,55000,55000,0,35000,Transfer,Supplier A,Selesai,4 Mei 2026,5 Mei 2026
2338,Tipe A,90000,55000,55000,0,35000,Transfer,Supplier A,Selesai,4 Mei 2026,5 Mei 2026
2339,Tipe A,90000,55000,55000,0,35000,Transfer,Supplier A,Selesai,4 Mei 2026,5 Mei 2026
2340,Tipe A,85000,55000,55000,0,30000,Transfer,Supplier A,Selesai,4 Mei 2026,6 Mei 2026
2341,Tipe A,90000,55000,55000,0,35000,Transfer,Supplier A,Selesai,4 Mei 2026,6 Mei 2026
2342,Tipe A,90000,55000,55000,0,35000,Transfer,Supplier A,Selesai,4 Mei 2026,5 Mei 2026
2343,Tipe A,90000,65000,65000,0,25000,Transfer,Supplier H,Selesai,2 Mei 2026,6 Mei 2026
2344,Tipe A,90000,65000,65000,0,25000,Transfer,Supplier H,Selesai,2 Mei 2026,5 Mei 2026
2345,Tipe A,90000,55000,55000,0,35000,Transfer,Supplier F,Selesai,4 Mei 2026,5 Mei 2026
2346,Tipe A,90000,55000,55000,0,35000,Transfer,Supplier F,Selesai,4 Mei 2026,5 Mei 2026
2347,Tipe A,90000,55000,55000,0,35000,Transfer,Supplier F,Selesai,4 Mei 2026,5 Mei 2026
2348,Tipe A,85000,55000,55000,0,30000,Transfer,Supplier F,Selesai,4 Mei 2026,6 Mei 2026
2349,Tipe A,95000,55000,55000,0,40000,Transfer,Supplier F,Selesai,4 Mei 2026,5 Mei 2026
2350,Tipe A,90000,55000,55000,0,35000,Transfer,Supplier F,Selesai,4 Mei 2026,7 Mei 2026
2351,Tipe A,90000,55000,55000,0,35000,Transfer,Supplier F,Selesai,4 Mei 2026,5 Mei 2026
2352,Tipe A,90000,55000,55000,0,35000,Transfer,Supplier F,Selesai,4 Mei 2026,6 Mei 2026
2353,Tipe A,90000,55000,55000,0,35000,Transfer,Supplier A,Selesai,4 Mei 2026,5 Mei 2026
2354,Tipe A,90000,55000,55000,0,35000,Transfer,Supplier F,Selesai,4 Mei 2026,6 Mei 2026
2355,Tipe A,85000,65000,65000,0,20000,Transfer,Supplier H,Selesai,5 Mei 2026,5 Mei 2026
2356,Tipe A,85000,65000,65000,0,20000,Transfer,Supplier H,Selesai,5 Mei 2026,6 Mei 2026
2357,Tipe A,85000,55000,55000,0,30000,Transfer,Supplier A,Selesai,5 Mei 2026,6 Mei 2026
2358,Tipe A,85000,55000,55000,0,30000,Transfer,Supplier A,Selesai,5 Mei 2026,6 Mei 2026
2359,Tipe A,90000,55000,55000,0,35000,Transfer,Supplier A,Selesai,5 Mei 2026,8 Mei 2026
2360,Tipe A,90000,55000,55000,0,35000,Transfer,Supplier A,Selesai,5 Mei 2026,6 Mei 2026
2361,Tipe A,90000,55000,55000,0,35000,Transfer,Supplier A,Selesai,5 Mei 2026,6 Mei 2026
2362,Tipe A,90000,55000,55000,0,35000,Transfer,Supplier A,Selesai,5 Mei 2026,6 Mei 2026
2363,Tipe A,85000,55000,55000,0,30000,Transfer,Supplier A,Selesai,5 Mei 2026,6 Mei 2026
2364,Tipe A,90000,55000,55000,0,35000,Transfer,Supplier A,Selesai,5 Mei 2026,6 Mei 2026
2365,Tipe A,90000,55000,55000,0,35000,Transfer,Supplier A,Selesai,5 Mei 2026,6 Mei 2026
2366,Tipe A,85000,55000,55000,0,30000,Transfer,Supplier A,Selesai,5 Mei 2026,6 Mei 2026
2367,Tipe A,90000,55000,55000,0,35000,Transfer,Supplier A,Selesai,5 Mei 2026,6 Mei 2026
2368,Tipe A,85000,55000,55000,0,30000,Transfer,Supplier A,Selesai,5 Mei 2026,6 Mei 2026
2369,Tipe A,90000,55000,55000,0,35000,Transfer,Supplier A,Selesai,5 Mei 2026,6 Mei 2026
2370,Tipe A,100000,55000,55000,0,45000,Transfer,Supplier A,Selesai,5 Mei 2026,6 Mei 2026
2371,Tipe A,120000,55000,55000,0,65000,Transfer,Supplier A,Selesai,5 Mei 2026,6 Mei 2026
2372,Tipe A,45000,55000,55000,0,10000,Transfer,Supplier A,Selesai,5 Mei 2026,6 Mei 2026
2373,Tipe A,90000,55000,55000,0,35000,Transfer,Supplier A,Belum_lunas,5 Mei 2026,6 Mei 2026
2374,Tipe A,90000,55000,55000,0,35000,Transfer,Supplier A,Selesai,5 Mei 2026,6 Mei 2026
2375,Tipe A,90000,55000,55000,0,35000,Transfer,Supplier A,Selesai,6 Mei 2026,6 Mei 2026
2376,Tipe A,90000,55000,55000,0,35000,Transfer,Supplier A,Selesai,6 Mei 2026,6 Mei 2026
2377,Tipe A,90000,55000,55000,0,35000,Transfer,Supplier A,Selesai,6 Mei 2026,6 Mei 2026
2378,Tipe A,90000,55000,55000,0,35000,Transfer,Supplier A,Selesai,6 Mei 2026,6 Mei 2026
2379,Tipe A,90000,55000,55000,0,35000,Transfer,Supplier F,Selesai,6 Mei 2026,7 Mei 2026
2380,Tipe A,85000,55000,55000,0,30000,Transfer,Supplier F,Selesai,6 Mei 2026,6 Mei 2026
2381,Tipe A,100000,55000,55000,0,45000,Transfer,Supplier B,Selesai,2 Mei 2026,6 Mei 2026
2382,Tipe A,85000,55000,55000,0,30000,Transfer,Supplier B,Selesai,6 Mei 2026,6 Mei 2026
2383,Tipe A,90000,55000,55000,0,35000,Transfer,Supplier B,Selesai,6 Mei 2026,6 Mei 2026
2384,Tipe A,90000,55000,55000,0,35000,Transfer,Supplier B,Belum_lunas,6 Mei 2026,6 Mei 2026
2385,Tipe A,90000,55000,55000,0,35000,Transfer,Supplier B,Selesai,6 Mei 2026,6 Mei 2026
2386,Tipe A,90000,55000,55000,0,35000,Transfer,Supplier B,Selesai,6 Mei 2026,6 Mei 2026
2387,Tipe A,90000,55000,55000,0,35000,Transfer,Supplier B,Selesai,6 Mei 2026,7 Mei 2026
2388,Tipe A,90000,55000,55000,0,35000,Transfer,Supplier B,Selesai,6 Mei 2026,6 Mei 2026
2389,Tipe A,85000,55000,55000,0,30000,Transfer,Supplier B,Selesai,6 Mei 2026,6 Mei 2026
2390,Tipe A,90000,55000,55000,0,35000,Transfer,Supplier G,Selesai,6 Mei 2026,9 Mei 2026
2391,Tipe A,85000,55000,55000,0,30000,Transfer,Supplier G,Selesai,6 Mei 2026,8 Mei 2026
2392,Tipe A,90000,55000,55000,0,35000,Transfer,Supplier G,Selesai,6 Mei 2026,8 Mei 2026
2393,Tipe A,90000,55000,55000,0,35000,Transfer,Supplier A,Selesai,6 Mei 2026,8 Mei 2026
2394,Tipe A,90000,55000,55000,0,35000,Transfer,Supplier G,Selesai,7 Mei 2026,8 Mei 2026
2395,Tipe A,80000,55000,55000,0,25000,Transfer,Supplier G,Selesai,7 Mei 2026,8 Mei 2026
2396,Tipe A,90000,55000,55000,0,35000,Transfer,Supplier G,Selesai,7 Mei 2026,8 Mei 2026
2397,Tipe A,90000,55000,55000,0,35000,Transfer,Supplier H,Selesai,7 Mei 2026,8 Mei 2026
2398,Tipe A,90000,55000,55000,0,35000,Transfer,Supplier G,Selesai,7 Mei 2026,8 Mei 2026
2399,Tipe A,85000,55000,55000,0,30000,Transfer,Supplier G,Selesai,7 Mei 2026,8 Mei 2026
2400,Tipe A,90000,55000,55000,0,35000,Transfer,Supplier G,Selesai,8 Mei 2026,8 Mei 2026
2401,Tipe A,90000,55000,55000,0,35000,Transfer,Supplier G,Selesai,8 Mei 2026,11 Mei 2026
2402,Tipe A,90000,55000,55000,0,35000,Transfer,Supplier G,Selesai,8 Mei 2026,8 Mei 2026
2403,Tipe A,90000,55000,55000,0,35000,Transfer,Supplier A,Selesai,7 Mei 2026,8 Mei 2026
2404,Tipe A,85000,55000,55000,0,30000,Transfer,Supplier A,Selesai,7 Mei 2026,8 Mei 2026
2405,Tipe A,90000,55000,55000,0,35000,Transfer,Supplier A,Selesai,7 Mei 2026,8 Mei 2026
2406,Tipe A,90000,55000,55000,0,35000,Transfer,Supplier A,Selesai,7 Mei 2026,8 Mei 2026
2407,Tipe A,45000,55000,55000,0,10000,Transfer,Supplier A,Selesai,7 Mei 2026,8 Mei 2026
2408,Tipe A,80000,55000,55000,0,25000,Transfer,Supplier A,Selesai,7 Mei 2026,8 Mei 2026
2409,Tipe A,85000,55000,55000,0,30000,Transfer,Supplier A,Selesai,8 Mei 2026,8 Mei 2026
2410,Tipe A,90000,55000,55000,0,35000,Transfer,Supplier A,Selesai,8 Mei 2026,8 Mei 2026
2411,Tipe A,85000,55000,55000,0,30000,Transfer,Supplier A,Selesai,8 Mei 2026,8 Mei 2026
2412,Tipe A,85000,55000,55000,0,30000,Transfer,Supplier A,Selesai,8 Mei 2026,8 Mei 2026
2413,Tipe A,85000,55000,55000,0,30000,Transfer,Supplier A,Selesai,8 Mei 2026,8 Mei 2026
2414,Tipe A,85000,55000,55000,0,30000,Transfer,Supplier A,Selesai,8 Mei 2026,8 Mei 2026
2415,Tipe A,85000,55000,55000,0,30000,Transfer,Supplier A,Selesai,8 Mei 2026,8 Mei 2026
2416,Tipe A,85000,55000,55000,0,30000,Transfer,Supplier A,Selesai,8 Mei 2026,11 Mei 2026
2417,Tipe A,95000,55000,55000,0,40000,Transfer,Supplier A,Selesai,9 Mei 2026,11 Mei 2026
2418,Tipe A,85000,55000,55000,0,30000,Transfer,Supplier A,Selesai,9 Mei 2026,11 Mei 2026
2419,Tipe A,80000,55000,55000,0,25000,Transfer,Supplier A,Selesai,9 Mei 2026,13 Mei 2026
2420,Tipe A,90000,55000,55000,0,35000,Transfer,Supplier A,Selesai,9 Mei 2026,11 Mei 2026
2421,Tipe A,85000,55000,55000,0,30000,Transfer,Supplier A,Selesai,9 Mei 2026,11 Mei 2026
2422,Tipe A,85000,55000,55000,0,30000,Transfer,Supplier A,Selesai,9 Mei 2026,11 Mei 2026
2423,Tipe A,90000,55000,55000,0,35000,Transfer,Supplier A,Selesai,9 Mei 2026,11 Mei 2026
2424,Tipe A,90000,55000,55000,0,35000,Transfer,Supplier A,Selesai,9 Mei 2026,11 Mei 2026
2425,Tipe A,90000,55000,55000,0,35000,Transfer,Supplier A,Selesai,10 Mei 2026,11 Mei 2026
2426,Tipe A,90000,55000,55000,0,35000,Transfer,Supplier A,Selesai,10 Mei 2026,11 Mei 2026
2427,Tipe A,85000,55000,55000,0,30000,Transfer,Supplier A,Selesai,10 Mei 2026,11 Mei 2026
2428,Tipe A,90000,55000,55000,0,35000,Transfer,Supplier A,Selesai,10 Mei 2026,11 Mei 2026
2429,Tipe A,115000,85000,85000,0,30000,Transfer,Supplier E,Selesai,11 Mei 2026,11 Mei 2026
2430,Tipe A,90000,70000,70000,0,20000,Transfer,Supplier B,Selesai,11 Mei 2026,11 Mei 2026
2431,Tipe A,90000,70000,70000,0,20000,Transfer,Supplier B,Belum_lunas,11 Mei 2026,11 Mei 2026
2432,Tipe A,115000,70000,70000,0,45000,Transfer,Supplier B,Selesai,11 Mei 2026,11 Mei 2026
2433,Tipe A,110000,70000,70000,0,40000,Transfer,Supplier B,Selesai,11 Mei 2026,11 Mei 2026
2434,Tipe A,110000,70000,70000,0,40000,Transfer,Supplier B,Selesai,11 Mei 2026,11 Mei 2026
2435,Tipe A,110000,70000,70000,0,40000,Transfer,Supplier B,Selesai,11 Mei 2026,11 Mei 2026
2436,Tipe A,110000,70000,70000,0,40000,Transfer,Supplier B,Selesai,11 Mei 2026,11 Mei 2026
2437,Tipe A,110000,70000,70000,0,40000,Transfer,Supplier B,Selesai,11 Mei 2026,11 Mei 2026
2438,Tipe A,110000,70000,70000,0,40000,Transfer,Supplier B,Selesai,11 Mei 2026,11 Mei 2026
2439,Tipe A,125000,70000,70000,0,55000,Transfer,Supplier E,Selesai,12 Mei 2026,12 Mei 2026
2440,Tipe A,85000,65000,65000,0,20000,Transfer,Supplier G,Selesai,9 Mei 2026,12 Mei 2026
2441,Tipe A,90000,65000,65000,0,25000,Transfer,Supplier G,Selesai,9 Mei 2026,12 Mei 2026
2442,Tipe A,90000,65000,65000,0,25000,Transfer,Supplier G,Selesai,9 Mei 2026,12 Mei 2026
2443,Tipe A,90000,65000,65000,0,25000,Transfer,Supplier G,Selesai,9 Mei 2026,12 Mei 2026
2444,Tipe A,85000,55000,55000,0,30000,Transfer,Supplier A,Selesai,11 Mei 2026,12 Mei 2026
2445,Tipe A,100000,70000,70000,0,30000,Transfer,Supplier E,Selesai,12 Mei 2026,12 Mei 2026
2446,Tipe A,100000,70000,70000,0,30000,Transfer,Supplier E,Selesai,12 Mei 2026,12 Mei 2026
2447,Tipe A,105000,100000,100000,0,5000,Transfer,Supplier D,Selesai,12 Mei 2026,13 Mei 2026
2448,Tipe A,110000,100000,100000,0,10000,Transfer,Supplier D,Selesai,12 Mei 2026,13 Mei 2026
2449,Tipe A,145000,110000,110000,0,35000,Transfer,Supplier D,Selesai,12 Mei 2026,13 Mei 2026
2450,Tipe A,145000,100000,100000,0,45000,Transfer,Supplier D,Selesai,12 Mei 2026,13 Mei 2026
2451,Tipe A,145000,100000,100000,0,45000,Transfer,Supplier D,Selesai,12 Mei 2026,13 Mei 2026
2452,Tipe A,100000,100000,100000,0,0,Transfer,Supplier D,Selesai,12 Mei 2026,13 Mei 2026
2453,Tipe A,90000,70000,70000,0,20000,Transfer,Supplier B,Selesai,12 Mei 2026,13 Mei 2026
2454,Tipe A,110000,70000,70000,0,40000,Transfer,Supplier B,Selesai,12 Mei 2026,13 Mei 2026
2455,Tipe A,110000,70000,70000,0,40000,Transfer,Supplier B,Selesai,12 Mei 2026,13 Mei 2026
2456,Tipe A,110000,70000,70000,0,40000,Transfer,Supplier B,Selesai,12 Mei 2026,13 Mei 2026
2457,Tipe A,100000,70000,70000,0,30000,Transfer,Supplier E,Selesai,12 Mei 2026,13 Mei 2026
2458,Tipe A,100000,70000,70000,0,30000,Transfer,Supplier E,Selesai,12 Mei 2026,13 Mei 2026
2459,Tipe A,100000,70000,70000,0,30000,Transfer,Supplier E,Selesai,12 Mei 2026,13 Mei 2026
2460,Tipe A,100000,70000,70000,0,30000,Transfer,Supplier E,Selesai,12 Mei 2026,13 Mei 2026
2461,Tipe A,100000,70000,70000,0,30000,Transfer,Supplier E,Selesai,12 Mei 2026,13 Mei 2026
2462,Tipe A,100000,70000,70000,0,30000,Transfer,Supplier E,Selesai,12 Mei 2026,13 Mei 2026
2463,Tipe A,100000,70000,70000,0,30000,Transfer,Supplier E,Selesai,12 Mei 2026,13 Mei 2026
2464,Tipe A,145000,100000,100000,0,45000,Transfer,Supplier D,Selesai,13 Mei 2026,13 Mei 2026